,A1,E1_a,E1_b,E1_c,E1_d,E1_e,E1_f,E1_g,E1_h,E2
0,2,1,2,2,2,2,2,1,-99,1
1,2,1,2,2,2,2,1,2,1,8
2,4,1,2,2,2,2,2,1,1,1
3,2,2,2,2,2,2,1,1,1,6
4,1,2,2,2,2,2,1,1,-98,6
5,2,1,2,2,2,2,2,1,2,1
6,2,2,2,2,2,2,1,1,1,6
7,2,2,2,2,2,1,1,2,2,5
8,1,2,2,2,2,1,2,2,2,E1_e
9,2,2,2,2,2,2,2,1,2,E1_g
10,4,1,2,2,2,2,2,2,2,E1_a
11,2,1,2,2,2,2,2,1,2,1
12,1,2,2,2,2,2,1,1,1,6
13,4,1,2,2,2,2,2,2,2,E1_a
14,2,2,2,2,2,2,1,1,2,7
15,1,2,1,2,2,2,1,1,2,7
16,4,2,2,2,2,2,1,2,2,E1_f
17,2,2,2,2,2,2,1,1,2,6
18,2,2,2,2,2,2,1,2,2,E1_f
19,1,2,2,2,2,1,1,1,1,6
20,4,1,2,2,2,2,1,1,2,1
21,2,1,2,2,2,2,2,1,1,8
22,2,1,2,2,2,2,1,2,1,8
23,2,2,2,2,2,2,1,1,2,6
24,1,2,2,2,2,2,1,1,2,6
25,2,2,2,2,2,2,1,2,-99,E1_f
26,5,2,2,2,2,2,1,2,-98,E1_f
27,2,-99,-99,-99,-99,-99,1,-99,-99,E1_f
28,1,1,2,2,2,2,2,2,2,E1_a
29,1,2,2,2,2,2,1,1,2,7
30,2,2,2,2,2,2,1,1,1,6
31,2,2,2,2,2,1,1,2,1,5
32,4,2,2,2,2,2,2,2,2, 
33,1,2,2,2,2,2,1,1,2,6
34,2,1,2,2,2,2,2,2,2,E1_a
35,2,2,2,2,2,2,1,2,2,E1_f
36,2,1,2,2,2,2,2,1,2,7
37,1,2,2,2,2,2,1,2,2,E1_f
38,2,2,2,2,2,2,1,1,1,6
39,2,2,2,2,2,2,1,1,2,6
40,2,2,2,2,2,2,2,1,2,E1_g
41,2,1,2,2,2,2,2,2,2,E1_a
42,1,2,2,2,2,2,1,1,1,8
43,4,1,2,2,2,2,2,2,1,8
44,1,1,2,2,2,2,2,2,2,E1_a
45,4,2,2,2,2,2,1,2,2,E1_f
46,4,1,2,2,2,2,2,2,2,E1_a
47,2,2,2,2,2,2,1,1,2,6
48,2,1,2,2,2,2,2,1,1,7
49,1,2,2,2,2,2,1,2,2,E1_f
50,2,2,2,2,2,2,1,2,2,E1_f
51,2,2,2,2,2,2,1,2,2,E1_f
52,2,1,2,2,2,2,2,1,2,1
53,2,1,2,2,2,2,2,1,2,7
54,2,2,2,2,2,2,1,1,1,8
55,2,1,2,2,2,2,2,1,2,1
56,2,1,2,2,2,2,2,2,2,E1_a
57,2,1,1,2,2,2,2,1,1,2
58,2,2,2,2,2,1,1,2,1,8
59,2,2,2,2,2,2,1,1,-98,6
60,2,2,2,2,2,2,1,1,2,6
61,4,1,2,2,2,2,2,2,1,8
62,2,2,2,2,2,2,1,2,1,-98
63,2,2,2,1,2,2,2,1,2,3
64,2,2,2,2,2,1,1,2,2,5
65,2,1,2,2,2,2,2,1,2,1
66,4,1,2,2,2,2,2,2,2,E1_a
67,2,2,2,2,2,2,2,2,2, 
68,4,2,2,1,1,2,2,2,2,3
69,2,1,2,2,2,2,2,2,2,E1_a
70,2,2,2,1,2,2,2,1,2,3
71,2,1,2,2,2,2,2,1,2,7
72,2,1,2,2,2,2,2,2,2,E1_a
73,2,2,1,2,2,2,2,1,2,7
74,2,2,2,2,2,2,1,1,-98,6
75,2,1,2,2,2,2,2,1,2,1
76,2,2,2,2,2,2,1,2,2,E1_f
77,2,2,2,2,2,2,1,2,2,E1_f
78,4,1,2,2,2,2,2,2,2,E1_a
79,2,1,2,2,1,2,2,1,-98,7
80,1,2,2,2,2,1,1,2,2,5
81,2,1,2,2,2,2,2,2,2,E1_a
82,4,2,2,1,1,2,2,2,2,3
83,2,2,2,2,2,2,1,2,2,E1_f
84,4,2,2,2,2,2,1,1,1,7
85,2,2,2,2,2,2,1,2,2,E1_f
86,2,1,2,2,2,2,2,2,2,E1_a
87,4,1,2,2,2,2,2,2,2,E1_a
88,2,2,2,2,2,2,1,1,1,6
89,2,1,2,2,2,2,2,2,2,E1_a
90,2,1,2,2,2,2,2,2,2,E1_a
91,4,1,2,2,2,2,2,1,1,1
92,4,2,2,2,2,2,1,1,1,8
93,1,1,2,2,2,2,2,1,2,1
94,2,1,2,2,2,2,1,1,2,7
95,2,1,2,2,2,2,2,1,2,1
96,2,1,2,2,2,2,2,1,2,1
97,2,2,1,2,2,2,2,2,2,E1_b
98,2,1,2,2,2,2,2,1,2,1
99,2,2,1,2,1,2,2,2,2,2
100,4,1,2,2,2,2,2,2,2,E1_a
101,2,2,2,2,2,2,1,1,2,6
102,1,2,2,2,2,2,1,2,2,E1_f
103,2,1,2,2,2,2,2,2,2,E1_a
104,4,2,2,2,2,1,2,1,2,5
105,1,1,2,2,2,2,2,2,2,E1_a
106,2,2,2,2,2,2,1,1,2,6
107,5,1,2,1,1,2,2,1,1,1
108,2,1,2,2,2,2,2,1,2,7
109,2,1,2,2,2,2,2,2,2,E1_a
110,2,1,2,2,2,2,2,2,2,E1_a
111,2,2,2,2,2,2,1,2,2,E1_f
112,2,1,2,2,2,2,2,2,2,E1_a
113,2,1,2,2,2,2,2,1,-98,1
114,2,2,2,2,2,1,1,2,2,5
115,2,2,2,2,2,2,1,2,2,E1_f
116,1,1,2,2,2,2,2,1,2,7
117,4,1,2,2,2,2,2,2,2,E1_a
118,2,2,2,2,2,2,1,1,2,6
119,2,1,2,2,2,2,2,2,2,E1_a
120,4,2,2,2,2,2,1,1,2,7
121,2,2,2,2,2,2,1,2,2,E1_f
122,2,2,2,2,2,2,2,1,2,E1_g
123,2,2,2,2,2,2,1,2,2,E1_f
124,4,1,2,2,2,2,2,2,2,E1_a
125,4,2,2,2,2,2,1,2,-98,E1_f
126,1,2,2,2,2,2,1,2,2,E1_f
127,2,1,2,2,2,2,2,2,2,E1_a
128,2,1,2,2,2,2,2,2,2,E1_a
129,2,1,2,2,2,2,2,2,2,E1_a
130,2,1,2,2,2,2,1,1,-99,6
131,2,1,2,2,2,2,2,2,2,E1_a
132,4,1,2,2,2,2,2,1,1,1
133,2,2,2,2,2,2,1,1,-99,6
134,1,1,2,2,2,2,2,2,2,E1_a
135,2,1,2,2,2,2,2,1,2,1
136,2,2,2,2,1,2,2,1,2,7
137,2,1,2,2,2,2,2,1,2,1
138,2,2,2,2,2,2,1,1,-99,6
139,1,1,2,2,2,2,2,2,2,E1_a
140,2,1,2,2,2,2,2,2,2,E1_a
141,1,2,2,2,2,2,1,1,1,8
142,2,1,2,2,2,2,2,1,2,1
143,2,2,2,2,2,2,1,1,1,8
144,4,2,2,2,2,2,1,1,1,6
145,2,2,2,2,2,1,2,1,2,5
146,4,1,2,2,2,2,2,2,2,E1_a
147,4,2,2,2,2,2,1,2,2,E1_f
148,2,2,2,1,2,2,2,2,2,E1_c
149,1,1,2,2,2,2,2,1,2,1
150,2,2,2,2,2,2,2,1,1,8
151,1,2,2,1,2,2,2,1,2,3
152,2,2,1,2,2,1,2,2,2,2
153,2,1,2,2,2,2,2,2,2,E1_a
154,2,2,2,2,2,1,1,2,2,6
155,1,2,2,2,2,1,1,1,1,8
156,4,2,2,1,1,2,2,2,2,4
157,2,2,2,2,2,2,1,1,1,8
158,2,2,2,2,2,2,1,1,2,6
159,2,2,2,2,2,2,1,1,2,6
160,2,1,2,2,2,2,1,2,2,6
161,2,2,2,2,2,2,1,2,2,E1_f
162,2,2,2,2,2,2,1,1,2,7
163,2,1,2,2,2,2,2,1,2,1
164,2,1,2,2,2,2,2,1,2,7
165,2,2,2,2,2,1,1,2,2,5
166,4,1,2,2,2,2,2,1,2,1
167,1,2,2,2,2,2,1,2,1,8
168,2,2,2,1,2,2,2,2,2,E1_c
169,5,2,2,2,1,1,2,1,2,4
170,2,2,2,2,2,1,1,2,2,6
171,4,1,2,2,2,2,2,1,2,1
172,2,2,2,2,2,2,1,1,1,6
173,2,1,2,2,2,2,2,1,-99,1
174,5,1,2,2,2,2,2,2,1,-100
175,4,1,2,1,2,2,2,2,2,1
176,5,1,2,2,2,2,2,1,1,8
177,1,2,2,2,2,2,1,1,1,8
178,1,1,2,2,2,2,2,1,2,1
179,2,2,2,2,2,2,1,1,1,8
180,4,2,2,2,2,2,1,1,1,6
181,2,2,2,2,2,2,1,1,-99,6
182,2,1,2,2,2,2,2,2,2,E1_a
183,2,2,2,2,2,2,1,2,2,E1_f
184,2,1,2,2,2,2,2,2,2,E1_a
185,4,2,2,2,2,2,1,2,1,-98
186,2,2,2,2,2,2,1,1,-99,6
187,4,2,1,2,2,2,2,2,2,E1_b
188,2,2,1,2,2,2,2,2,2,E1_b
189,1,2,2,2,2,2,1,2,2,E1_f
190,4,1,2,2,2,2,2,1,2,7
191,2,2,2,2,2,2,1,1,2,6
192,3,2,2,2,2,2,1,1,1,8
193,2,2,2,2,2,2,1,2,2,E1_f
194,4,2,2,2,2,2,1,1,2,6
195,5,2,2,2,2,2,1,1,2,6
196,2,2,2,2,2,2,1,1,1,6
197,2,1,2,2,2,2,2,2,2,E1_a
198,2,1,2,2,2,2,2,2,2,E1_a
199,2,1,2,2,2,2,2,1,2,1
200,2,2,2,2,2,2,1,2,2,E1_f
201,2,1,2,2,2,2,2,1,2,1
202,4,2,2,2,2,2,1,1,1,6
203,1,1,2,2,2,2,2,1,2,1
204,2,2,2,2,2,2,1,2,1,6
205,1,2,2,2,2,2,1,1,2,6
206,2,2,2,2,2,2,1,2,2,E1_f
207,2,1,2,2,2,2,2,1,-99,1
208,2,2,2,2,2,2,1,2,2,E1_f
209,2,2,2,2,1,1,2,1,2,5
210,-98,2,2,2,2,1,1,2,1,8
211,2,2,2,2,2,2,1,1,2,6
212,4,1,2,2,2,2,2,1,2,7
213,2,2,2,2,2,2,1,1,1,6
214,2,2,2,2,2,1,1,1,2,6
215,4,2,2,2,2,2,1,1,2,6
216,2,1,2,2,2,2,2,2,2,E1_a
217,4,2,2,2,2,2,1,1,2,6
218,2,1,2,2,2,2,1,2,1,8
219,2,2,2,2,2,2,1,2,-98,E1_f
220,4,2,2,2,2,2,1,2,2,E1_f
221,1,2,2,2,2,2,1,2,2,E1_f
222,4,1,2,2,2,2,2,1,1,1
223,2,2,2,2,2,2,1,2,2,E1_f
224,4,1,2,2,2,2,2,2,2,E1_a
225,1,2,2,2,2,1,1,1,2,5
226,2,1,2,2,2,2,2,1,2,7
227,4,1,2,2,2,2,1,1,2,1
228,2,2,2,2,2,2,1,1,2,6
229,1,1,2,2,2,2,2,1,2,7
230,2,2,2,2,2,2,1,1,-99,6
231,2,2,2,2,2,2,1,2,1,8
232,2,2,2,2,2,2,1,2,2,E1_f
233,2,2,2,2,1,2,2,1,1,8
234,4,2,2,2,2,2,1,1,1,8
235,2,2,2,2,2,2,1,1,2,6
236,4,2,1,2,1,2,2,1,1,7
237,2,1,2,2,2,2,2,1,1,7
238,2,1,2,2,2,2,2,1,1,7
239,1,2,2,2,2,2,1,1,2,6
240,2,2,1,2,2,1,1,2,1,8
241,2,2,2,2,2,1,1,1,2,-98
242,2,2,2,2,2,2,1,2,2,E1_f
243,2,2,2,2,2,2,1,1,2,7
244,4,2,2,2,2,2,1,1,2,6
245,1,2,2,2,2,2,1,1,2,6
246,2,1,2,2,2,2,2,2,2,E1_a
247,1,2,2,2,2,2,2,1,2,E1_g
248,4,1,1,2,2,2,2,2,2,1
249,4,1,2,2,2,2,2,2,1,-100
250,1,2,2,2,2,1,1,1,1,6
251,2,2,2,2,2,2,1,1,1,8
252,2,2,2,2,1,2,2,1,-99,7
253,2,1,2,2,2,2,2,1,2,1
254,4,2,2,2,2,2,1,1,-98,7
255,4,1,2,2,2,2,2,1,-98,1
256,2,1,2,2,2,2,2,1,2,1
257,2,-99,-99,-99,-99,-99,2,-99,-99, 
258,2,2,2,2,2,2,1,1,-98,6
259,2,2,2,2,2,1,1,1,2,7
260,2,2,2,2,2,2,1,1,2,6
261,4,1,2,2,2,2,2,2,2,E1_a
262,4,2,2,2,1,2,2,2,2,E1_d
263,4,2,2,2,1,2,2,2,2,E1_d
264,2,1,2,2,2,2,2,2,2,E1_a
265,1,1,2,2,2,2,2,1,2,1
266,1,1,2,2,2,2,2,1,1,1
267,2,2,2,2,2,2,2,2,-98, 
268,2,1,2,2,2,2,2,1,2,1
269,2,2,2,2,2,2,1,1,2,7
270,2,2,2,2,2,2,1,2,2,E1_f
271,2,2,2,2,2,2,1,2,2,E1_f
272,2,2,2,2,2,2,1,2,-98,E1_f
273,2,2,2,2,2,2,1,1,-99,6
274,2,1,2,2,2,2,2,2,2,E1_a
275,2,2,2,2,2,2,1,1,1,6
276,4,1,2,2,2,2,2,1,2,1
277,2,2,2,2,2,2,1,1,1,8
278,2,1,2,2,2,2,2,2,2,E1_a
279,4,2,1,2,1,1,2,1,2,5
280,2,2,2,2,2,2,1,2,-99,E1_f
281,2,2,2,2,2,2,1,1,-99,6
282,1,1,2,2,2,2,2,2,2,E1_a
283,2,1,2,2,2,2,2,1,2,1
284,4,1,2,2,2,2,2,1,2,1
285,4,1,2,2,2,2,2,2,2,E1_a
286,2,2,2,2,2,2,1,1,2,7
287,2,1,1,2,2,2,2,2,2,1
288,2,2,2,2,2,2,1,1,2,7
289,2,2,2,2,2,2,1,1,-98,6
290,2,2,2,2,2,2,1,2,2,E1_f
291,4,2,2,2,2,2,2,1,2,E1_g
292,2,2,2,2,2,2,1,2,2,E1_f
293,2,2,2,2,2,2,1,2,2,E1_f
294,4,1,2,2,2,2,2,2,2,E1_a
295,4,2,2,2,2,2,1,2,2,E1_f
296,2,2,2,2,2,2,1,1,1,6
297,2,1,2,2,2,2,1,2,2,1
298,2,2,2,2,2,2,1,2,2,E1_f
299,2,1,2,2,2,2,2,1,2,1
300,2,1,2,2,2,2,2,1,2,1
301,2,2,2,2,2,2,1,1,2,6
302,2,2,2,2,2,1,1,2,2,6
303,2,2,2,2,2,2,1,1,1,6
304,2,2,2,2,2,2,2,2,2, 
305,2,2,2,2,2,2,1,2,2,E1_f
306,4,1,2,2,2,2,2,2,2,E1_a
307,2,2,2,2,2,1,1,2,1,6
308,2,2,2,2,2,2,1,2,2,E1_f
309,2,1,2,2,2,2,2,1,2,1
310,5,2,2,2,2,2,1,1,2,7
311,2,2,2,2,2,2,1,1,-98,6
312,2,1,2,2,2,2,2,2,2,E1_a
313,2,1,2,2,2,2,2,2,2,E1_a
314,2,2,2,2,2,1,1,2,1,8
315,2,2,2,2,2,2,1,1,2,6
316,2,1,2,1,2,1,2,2,2,5
317,3,2,2,2,2,2,1,2,2,E1_f
318,5,1,2,2,2,2,1,2,2,6
319,2,2,2,2,1,1,2,2,2,4
320,1,1,2,2,2,2,2,2,2,E1_a
321,2,1,2,2,2,2,2,1,1,1
322,2,2,2,2,2,2,2,2,-99, 
323,2,1,2,2,2,2,2,1,2,1
324,4,2,2,2,2,2,1,2,2,E1_f
325,4,1,2,2,2,2,2,1,2,1
326,4,2,2,2,2,2,1,1,2,7
327,3,2,2,2,2,2,1,1,2,6
328,4,2,2,2,2,2,1,2,2,E1_f
329,1,1,2,2,2,2,2,2,2,E1_a
330,4,2,2,2,2,2,1,1,2,6
331,1,2,2,2,2,2,1,1,1,6
332,4,1,2,2,2,2,2,1,2,7
333,2,1,2,2,2,2,2,2,2,E1_a
334,2,2,2,2,2,2,1,2,2,E1_f
335,4,2,2,1,2,1,2,1,1,8
336,1,2,2,2,2,1,1,1,2,6
337,2,2,2,2,2,1,1,2,2,6
338,2,1,2,2,2,2,2,1,2,1
339,4,1,1,2,2,2,2,2,2,2
340,2,1,2,2,2,2,2,1,2,1
341,1,2,2,2,2,2,1,2,1,8
342,2,2,2,2,2,2,1,2,2,E1_f
343,2,1,2,2,2,2,2,1,2,7
344,2,2,2,2,2,2,1,1,2,6
345,2,2,2,2,2,2,1,2,2,E1_f
346,2,2,1,2,2,2,1,1,1,6
347,2,2,2,2,2,2,1,1,-98,6
348,4,1,2,2,2,2,2,2,2,E1_a
349,2,2,2,2,2,2,1,1,2,6
350,2,1,2,2,2,2,2,2,2,E1_a
351,4,1,2,2,2,2,2,1,2,1
352,1,2,2,2,2,2,1,2,2,E1_f
353,4,2,2,2,2,1,2,2,2,E1_e
354,2,2,2,2,2,2,1,2,2,E1_f
355,5,2,2,2,1,-98,2,1,-98,7
356,2,2,2,2,2,2,1,1,1,6
357,2,1,2,2,2,2,2,1,-99,1
358,2,1,2,2,2,2,1,1,-98,6
359,1,1,2,2,2,2,2,2,1,-100
360,4,2,2,2,2,2,1,1,2,6
361,1,2,2,2,2,2,1,2,2,E1_f
362,2,2,2,2,2,2,2,1,2,E1_g
363,2,2,2,2,2,1,1,1,2,5
364,4,2,2,2,2,2,2,1,2,E1_g
365,2,1,2,2,2,2,2,2,2,E1_a
366,1,2,2,2,2,2,1,1,1,8
367,4,2,2,2,2,2,1,1,2,6
368,1,2,2,2,2,1,1,2,2,-99
369,2,1,2,2,2,2,2,1,2,1
370,2,2,2,2,2,2,1,2,2,E1_f
371,2,2,2,2,2,1,1,2,2,6
372,2,1,2,2,2,2,2,1,2,1
373,4,1,2,2,2,2,2,1,2,1
374,1,2,2,2,2,2,1,1,2,6
375,1,2,2,2,2,2,1,1,2,7
376,4,2,1,2,2,2,2,2,2,E1_b
377,2,2,2,2,2,2,1,1,2,7
378,2,1,2,2,2,2,2,1,2,1
379,2,2,2,2,2,2,1,2,2,E1_f
380,1,2,2,2,2,2,2,1,1,8
381,4,1,1,2,2,2,2,1,2,1
382,2,1,1,2,2,2,2,1,2,1
383,1,2,2,2,2,1,1,1,2,5
384,2,1,2,2,2,2,2,1,2,-99
385,2,2,2,2,2,2,1,2,2,E1_f
386,1,2,2,2,2,2,1,1,2,7
387,2,2,2,2,2,2,1,2,2,E1_f
388,4,2,2,2,1,2,2,2,2,E1_d
389,2,1,2,2,2,2,2,2,2,E1_a
390,2,2,2,2,2,2,1,1,2,7
391,2,2,2,2,2,2,1,1,1,8
392,4,2,2,2,2,1,1,1,1,8
393,4,1,2,2,2,2,2,1,2,1
394,2,1,2,2,2,2,1,1,1,8
395,4,2,2,2,2,2,1,1,1,6
396,2,1,2,2,2,2,2,2,2,E1_a
397,2,1,2,2,2,2,2,1,2,1
398,-98,2,2,2,1,1,1,2,2,5
399,2,2,2,2,2,2,1,2,2,E1_f
400,4,2,2,1,2,2,2,1,2,3
401,2,1,2,2,2,2,2,1,1,8
402,2,1,2,2,2,2,2,2,2,E1_a
403,2,2,2,2,2,2,1,2,-99,E1_f
404,2,2,2,2,2,2,1,2,2,E1_f
405,2,1,2,2,2,2,1,1,2,1
406,2,2,2,2,2,2,1,2,2,E1_f
407,2,2,2,1,2,2,2,1,2,3
408,2,1,-99,2,2,2,2,2,2,E1_a
409,2,2,2,2,2,2,1,1,2,6
410,1,2,2,2,2,2,1,-98,-98,E1_f
411,5,2,2,2,2,2,1,1,2,6
412,1,1,1,1,2,2,2,2,2,1
413,4,1,2,2,2,2,2,1,2,1
414,2,1,2,2,2,2,2,2,2,E1_a
415,2,2,2,1,2,2,2,1,2,3
416,2,2,2,2,2,2,1,2,2,E1_f
417,4,1,2,2,2,2,2,2,2,E1_a
418,2,2,2,2,2,1,1,2,2,6
419,2,2,2,2,2,2,1,2,2,E1_f
420,2,2,2,2,2,2,1,2,2,E1_f
421,1,1,2,2,2,2,2,1,2,7
422,2,1,2,2,2,2,2,1,2,1
423,1,2,2,2,2,2,1,2,-98,E1_f
424,2,2,2,2,2,2,1,2,2,E1_f
425,4,1,2,2,2,2,2,1,1,7
426,4,2,2,2,1,2,1,1,2,6
427,2,2,1,2,1,2,2,2,2,2
428,2,1,2,2,2,2,2,1,2,1
429,1,2,2,2,2,2,2,2,2, 
430,2,2,2,2,2,2,1,1,1,-99
431,2,1,2,2,2,2,2,1,2,1
432,4,2,2,2,1,2,2,1,2,7
433,2,2,2,2,2,2,1,1,2,7
434,2,2,2,2,2,2,1,1,2,6
435,2,2,2,2,2,2,2,1,2,E1_g
436,2,1,2,2,2,2,2,1,2,1
437,2,2,2,2,2,2,2,1,2,E1_g
438,4,1,2,2,2,2,2,1,2,1
439,1,2,2,2,2,2,1,1,1,6
440,2,1,2,2,2,2,2,1,2,1
441,2,2,2,2,2,2,1,1,2,6
442,2,2,2,2,2,2,1,2,2,E1_f
443,4,2,2,2,2,1,1,1,1,5
444,2,2,2,1,1,2,2,2,2,4
445,2,2,2,2,2,2,1,1,2,6
446,4,2,2,2,1,1,2,1,1,8
447,2,2,2,2,2,2,1,2,2,E1_f
448,2,2,2,2,2,2,1,2,1,6
449,4,2,2,2,1,2,2,1,-98,7
450,2,2,2,2,2,1,1,1,2,6
451,4,2,2,2,2,2,1,1,1,7
452,1,2,2,2,2,2,1,1,1,6
453,4,2,2,2,2,2,1,1,1,8
454,2,2,2,2,2,1,2,2,-98,E1_e
455,4,1,2,2,2,2,2,1,1,1
456,2,1,2,2,2,2,2,1,2,1
457,2,2,2,2,2,2,1,1,-99,6
458,4,1,2,2,2,2,2,2,2,E1_a
459,4,2,2,2,2,2,2,2,2, 
460,2,2,2,2,2,1,1,1,2,5
461,2,2,2,2,2,1,1,1,2,7
462,2,1,2,2,2,2,2,2,2,E1_a
463,2,2,2,2,2,2,1,2,-98,E1_f
464,2,2,2,2,2,2,1,1,2,7
465,2,1,2,2,2,2,2,2,2,E1_a
466,2,1,2,2,2,2,2,1,2,7
467,2,1,2,2,2,2,2,2,2,E1_a
468,4,1,2,2,2,2,2,2,2,E1_a
469,1,2,2,2,2,2,1,1,1,8
470,4,2,2,2,2,2,1,2,2,E1_f
471,2,1,2,2,2,2,2,2,2,E1_a
472,4,1,2,2,2,2,2,2,2,E1_a
473,2,2,2,2,2,2,1,2,2,E1_f
474,4,1,2,2,2,2,2,1,2,7
475,2,2,2,2,2,1,2,1,2,7
476,1,2,2,2,2,2,1,2,2,E1_f
477,2,1,2,2,2,2,2,1,2,1
478,2,1,2,2,2,2,2,2,2,E1_a
479,2,2,2,1,2,2,2,1,2,3
480,5,1,2,2,2,1,2,2,1,8
481,2,2,2,2,2,2,1,2,1,8
482,2,1,2,2,2,2,2,2,2,E1_a
483,2,1,2,2,2,2,2,1,-98,1
484,4,1,2,2,2,2,2,1,1,1
485,2,2,2,2,2,2,1,2,2,E1_f
486,2,2,2,2,2,2,1,1,2,6
487,-98,1,2,2,2,2,2,1,2,1
488,2,2,2,2,2,2,1,1,2,7
489,1,2,2,2,2,2,1,1,2,-98
490,2,2,1,2,2,2,2,1,1,8
491,4,1,2,2,2,2,2,2,2,E1_a
492,2,1,2,2,2,2,2,2,2,E1_a
493,4,1,2,2,2,2,2,1,-98,7
494,5,1,2,2,2,2,2,2,1,-100
495,1,1,2,2,2,2,2,2,2,E1_a
496,4,1,2,2,2,2,2,2,2,E1_a
497,1,1,2,2,2,2,2,2,2,E1_a
498,5,2,2,2,2,2,1,2,-99,E1_f
499,2,1,2,2,2,2,2,1,2,1
500,5,2,2,2,2,2,1,1,2,6
501,2,2,2,2,2,2,1,-99,2,E1_f
502,2,2,2,2,2,2,1,1,1,8
503,2,1,2,2,2,2,2,2,-99,E1_a
504,2,1,2,2,2,2,2,2,2,E1_a
505,2,2,2,2,2,2,1,1,2,6
506,5,2,1,2,2,1,2,2,2,5
507,4,2,2,2,2,1,2,1,-99,7
508,1,2,2,2,2,2,1,2,2,E1_f
509,2,2,2,2,2,2,1,1,1,6
510,1,2,2,2,2,2,1,1,2,6
511,2,2,2,2,2,2,1,2,2,E1_f
512,2,1,2,2,2,2,2,2,2,E1_a
513,2,2,2,2,2,2,1,2,2,E1_f
514,1,2,2,2,2,1,1,2,1,8
515,4,1,1,2,2,2,2,2,2,1
516,2,2,2,2,2,2,1,1,2,6
517,2,2,2,2,2,1,1,2,2,6
518,4,2,2,2,2,2,1,1,2,6
519,1,2,2,2,2,2,1,2,2,E1_f
520,1,1,2,2,2,2,2,1,1,1
521,1,2,2,2,2,2,1,1,1,6
522,2,1,2,2,2,2,2,2,2,E1_a
523,2,1,2,2,2,2,2,2,2,E1_a
524,2,2,2,2,2,2,1,1,1,8
525,1,1,2,2,2,2,2,1,2,1
526,5,1,2,2,2,2,2,2,2,E1_a
527,2,2,2,2,2,2,1,2,-99,E1_f
528,4,2,2,2,2,2,1,1,1,6
529,2,2,2,2,2,2,1,2,2,E1_f
530,4,2,2,2,2,2,1,1,1,8
531,2,1,2,2,2,2,2,1,2,1
532,2,2,2,2,2,2,1,1,1,6
533,1,2,2,2,2,2,1,2,2,E1_f
534,4,2,2,2,2,2,1,1,-98,7
535,4,2,2,2,2,2,1,1,2,6
536,2,1,2,2,2,2,2,2,2,E1_a
537,2,1,2,2,1,2,2,1,1,8
538,1,1,1,2,2,2,2,1,2,1
539,2,1,2,2,2,2,2,2,2,E1_a
540,2,2,2,2,2,2,1,2,2,E1_f
541,2,2,2,2,2,1,2,1,-99,5
542,2,2,2,2,2,2,1,2,2,E1_f
543,2,2,2,2,2,2,1,1,1,7
544,2,1,2,2,2,2,2,2,2,E1_a
545,1,2,2,2,2,2,1,1,2,6
546,2,2,2,2,2,1,1,1,-99,5
547,2,2,2,2,2,2,1,1,1,6
548,2,1,2,2,2,2,2,2,2,E1_a
549,2,2,2,-98,2,1,1,2,2,6
550,2,1,2,2,2,2,2,1,2,1
551,4,2,2,2,2,2,1,2,2,E1_f
552,2,1,2,2,2,2,1,1,1,8
553,2,2,2,2,2,2,1,1,1,8
554,2,2,2,2,2,2,1,2,1,8
555,2,1,2,2,2,2,2,1,2,1
556,2,2,2,2,2,2,2,1,1,-100
557,1,2,2,2,2,2,2,1,1,8
558,2,2,2,2,2,2,1,1,1,6
559,2,2,2,2,2,2,1,1,1,8
560,2,1,2,2,2,2,2,1,2,1
561,2,2,2,1,2,1,2,1,2,7
562,4,2,2,2,2,2,1,1,2,6
563,1,2,2,2,2,2,1,2,2,E1_f
564,2,2,2,2,2,2,1,2,2,E1_f
565,1,2,2,2,2,2,1,1,-98,6
566,2,2,2,2,2,2,1,2,1,8
567,4,2,2,2,1,2,2,2,1,8
568,2,1,2,2,2,2,2,1,2,7
569,5,2,2,2,2,1,1,1,1,8
570,4,2,2,1,2,2,2,2,2,E1_c
571,2,2,2,2,2,2,1,2,2,E1_f
572,2,1,2,2,2,2,2,2,2,E1_a
573,1,2,2,2,2,2,1,2,2,E1_f
574,4,2,2,2,2,2,1,1,2,6
575,1,2,2,2,2,2,1,1,2,6
576,2,1,2,2,2,2,1,2,2,1
577,1,2,2,2,2,2,1,2,2,E1_f
578,1,2,2,2,2,2,1,1,2,6
579,2,1,2,2,2,2,2,1,2,1
580,2,1,2,2,2,2,2,2,2,E1_a
581,5,1,2,2,2,2,2,2,2,E1_a
582,2,1,2,2,2,2,1,2,1,8
583,2,2,2,2,2,2,1,2,2,E1_f
584,4,1,2,2,2,2,2,2,1,8
585,2,1,1,2,2,2,2,1,2,1
586,2,2,2,2,2,2,1,2,2,E1_f
587,2,1,2,2,2,2,2,1,2,1
588,2,2,2,2,2,2,1,2,2,E1_f
589,2,1,2,2,2,2,2,1,2,1
590,2,2,2,2,2,2,1,2,2,E1_f
591,2,1,2,2,2,2,2,2,2,E1_a
592,2,1,2,2,2,2,2,2,2,E1_a
593,2,2,2,2,2,2,1,1,2,6
594,1,2,2,2,2,2,2,2,2, 
595,4,1,2,2,2,2,2,2,2,E1_a
596,4,2,2,2,2,2,1,2,2,E1_f
597,4,2,2,2,2,2,1,2,2,E1_f
598,2,2,2,2,2,2,1,2,2,E1_f
599,2,2,2,2,2,2,1,2,2,E1_f
600,2,2,2,2,2,2,1,2,2,E1_f
601,2,1,2,2,2,2,2,2,2,E1_a
602,4,2,2,2,2,2,1,1,-98,6
603,2,1,2,2,2,2,2,2,1,-100
604,2,1,2,2,2,2,2,2,2,E1_a
605,2,2,2,2,2,2,1,2,2,E1_f
606,2,2,2,2,2,2,1,2,1,6
607,1,2,2,2,2,2,1,1,2,7
608,2,2,2,2,2,2,1,1,-98,6
609,4,2,2,2,2,2,1,2,2,E1_f
610,2,1,2,2,2,2,2,1,2,1
611,2,1,2,2,2,2,2,1,1,1
612,2,1,2,2,2,2,2,1,2,1
613,2,2,2,2,2,1,2,2,2,E1_e
614,1,2,2,2,2,2,1,2,1,-98
615,2,1,2,2,2,2,2,2,2,E1_a
616,2,2,1,2,2,2,2,1,1,8
617,2,2,2,2,2,2,1,2,2,E1_f
618,2,2,2,2,2,2,1,1,1,6
619,2,2,2,2,2,2,1,1,2,7
620,2,2,2,2,2,2,1,1,1,6
621,4,2,2,2,2,2,1,1,2,7
622,2,1,2,2,2,2,2,1,2,1
623,2,2,2,2,2,2,1,1,2,6
624,2,2,2,2,2,2,1,1,1,8
625,1,2,2,2,2,2,1,1,2,6
626,2,1,2,2,2,2,2,2,2,E1_a
627,1,2,2,2,2,1,2,1,1,-98
628,2,2,2,1,2,2,2,1,2,7
629,2,2,2,2,2,2,1,1,1,8
630,1,2,2,2,2,2,1,2,2,E1_f
631,2,2,2,2,2,2,1,2,2,E1_f
632,2,2,2,2,2,2,1,1,1,6
633,4,2,2,2,1,1,2,2,2,5
634,1,1,2,2,2,2,2,2,1,8
635,2,1,2,2,2,2,2,1,2,1
636,2,2,2,2,2,2,1,2,-99,E1_f
637,4,2,2,2,1,2,2,2,-99,E1_d
638,5,2,2,2,2,2,2,1,2,E1_g
639,2,2,2,2,2,2,1,2,2,E1_f
640,2,1,2,2,2,2,2,2,2,E1_a
641,1,2,2,1,2,1,2,1,2,3
642,1,-99,-99,-99,-99,-99,1,-99,-99,E1_f
643,2,1,2,2,2,2,2,1,2,1
644,2,1,2,2,2,2,2,1,2,7
645,5,1,2,2,2,2,2,2,2,E1_a
646,2,2,2,2,2,2,1,1,1,6
647,1,2,2,2,2,2,1,2,2,E1_f
648,2,1,2,2,2,2,2,2,2,E1_a
649,4,1,2,2,2,2,2,1,-98,1
650,2,2,2,2,2,2,1,2,2,E1_f
651,2,2,2,2,1,2,2,1,2,4
652,2,2,2,1,2,2,2,1,2,3
653,1,1,2,2,2,2,2,1,2,1
654,2,1,2,2,2,2,2,2,2,E1_a
655,2,1,2,2,2,2,2,2,2,E1_a
656,2,1,2,2,2,2,2,1,2,1
657,1,1,2,2,2,2,2,2,2,E1_a
658,1,2,2,2,2,2,1,2,2,E1_f
659,2,1,2,2,2,2,2,1,2,1
660,2,2,2,2,2,2,1,1,2,6
661,2,1,2,2,2,2,2,2,2,E1_a
662,2,1,2,2,2,2,2,2,2,E1_a
663,2,1,2,2,2,2,2,1,2,1
664,2,1,1,2,2,2,2,1,2,7
665,2,2,2,2,2,2,1,1,2,6
666,1,1,2,2,2,2,2,1,2,1
667,2,2,1,2,2,2,2,1,2,7
668,2,2,2,2,2,2,1,2,1,8
669,2,1,2,2,2,2,2,1,2,1
670,2,1,2,2,2,2,2,2,2,E1_a
671,2,2,2,2,2,2,1,1,2,6
672,2,2,1,2,1,2,2,2,2,2
673,2,1,2,2,2,2,2,2,2,E1_a
674,1,1,2,2,2,2,2,1,2,1
675,2,1,2,2,2,2,2,2,2,E1_a
676,2,2,2,2,2,2,1,2,2,E1_f
677,2,1,2,2,2,2,2,1,2,1
678,1,2,2,2,2,2,1,1,1,6
679,2,1,2,2,2,2,2,2,2,E1_a
680,2,1,2,2,2,2,2,2,2,E1_a
681,2,1,2,2,2,2,2,2,2,E1_a
682,2,2,2,2,2,2,1,1,1,8
683,4,2,2,2,2,2,2,2,2, 
684,5,2,2,1,2,2,2,1,2,3
685,2,2,2,1,2,2,2,2,2,E1_c
686,2,1,2,2,2,2,2,2,2,E1_a
687,2,1,2,2,2,2,2,1,2,1
688,2,1,2,2,2,2,2,1,-98,1
689,2,1,2,2,2,2,2,2,2,E1_a
690,2,2,2,2,2,2,1,2,1,6
691,4,1,2,2,2,2,2,1,2,1
692,2,1,2,2,2,2,2,1,2,1
693,2,1,1,2,2,2,2,1,2,1
694,1,1,2,2,2,2,2,1,2,1
695,4,1,2,2,2,2,2,1,2,7
696,2,1,2,2,2,2,2,1,2,1
697,2,1,2,2,2,2,2,2,2,E1_a
698,2,1,2,2,2,2,2,2,2,E1_a
699,2,1,2,2,2,2,2,1,2,7
700,4,1,2,2,2,2,2,2,2,E1_a
701,2,2,2,2,2,2,1,2,2,E1_f
702,5,1,2,2,2,2,2,1,2,1
703,2,2,2,1,2,2,2,1,2,3
704,2,2,2,2,2,2,1,2,2,E1_f
705,5,2,2,2,2,1,2,2,2,E1_e
706,2,1,2,2,2,2,2,2,2,E1_a
707,2,2,2,2,2,2,1,2,2,E1_f
708,4,1,2,2,2,2,2,2,2,E1_a
709,1,1,2,2,2,2,2,2,2,E1_a
710,2,1,2,2,2,2,2,2,2,E1_a
711,2,1,2,2,2,2,2,1,-98,1
712,4,1,2,2,2,2,2,1,2,1
713,2,2,2,2,2,1,1,1,1,6
714,2,1,2,2,2,2,2,1,2,1
715,2,1,2,2,2,2,2,2,2,E1_a
716,1,2,2,2,2,2,1,1,1,6
717,2,2,1,2,2,2,2,2,2,E1_b
718,2,1,2,2,2,2,2,1,2,7
719,2,2,2,2,2,2,1,1,-99,6
720,4,1,2,2,2,2,2,1,2,1
721,4,2,2,2,2,2,1,2,2,E1_f
722,2,1,2,2,2,2,2,1,2,1
723,2,1,2,2,2,2,2,2,2,E1_a
724,2,2,2,2,2,2,1,2,2,E1_f
725,5,1,2,2,2,2,2,2,2,E1_a
726,5,1,2,2,2,2,2,1,-99,1
727,2,1,1,2,2,2,2,1,2,1
728,1,2,2,2,2,2,-99,2,1,E1_h
729,2,1,2,2,2,2,-98,1,-99,1
730,2,2,2,2,2,1,2,1,1,8
731,4,1,2,2,2,2,2,1,2,1
732,1,1,2,2,2,2,2,2,2,E1_a
733,4,2,1,2,2,2,1,1,2,6
734,4,1,2,2,2,2,2,1,2,1
735,1,1,2,2,2,2,2,2,2,E1_a
736,2,2,2,2,2,2,1,1,2,6
737,5,1,2,2,2,2,2,2,2,E1_a
738,4,2,2,2,2,2,2,1,2,E1_g
739,4,1,2,2,2,2,2,1,2,1
740,1,1,1,2,2,2,2,1,1,1
741,1,1,2,2,2,2,2,2,2,E1_a
742,2,1,2,2,2,2,2,1,-98,1
743,2,1,2,2,2,2,2,1,2,1
744,2,1,2,2,2,2,2,2,2,E1_a
745,2,2,2,2,2,1,2,1,2,7
746,2,1,2,2,2,2,2,1,1,1
747,4,1,2,2,2,2,2,1,2,1
748,2,2,2,2,2,2,2,1,2,E1_g
749,1,2,2,2,2,2,1,2,2,E1_f
750,2,1,2,2,2,2,2,1,2,1
751,2,1,2,2,2,2,2,2,2,E1_a
752,1,1,2,2,2,2,2,1,1,1
753,2,1,2,2,2,2,2,1,2,1
754,4,1,2,2,2,2,2,1,2,1
755,2,1,2,2,2,2,2,2,2,E1_a
756,2,2,2,2,2,2,1,2,2,E1_f
757,1,1,2,2,2,2,2,1,2,1
758,2,1,2,2,2,2,2,2,2,E1_a
759,2,1,2,2,2,2,2,1,2,1
760,2,1,2,2,2,2,2,2,2,E1_a
761,4,1,2,2,2,2,2,2,2,E1_a
762,2,1,2,2,2,2,2,2,2,E1_a
763,2,1,2,2,2,2,2,1,2,1
764,2,1,1,2,2,2,2,1,-98,7
765,2,1,2,2,2,2,2,1,2,1
766,1,2,2,2,2,2,1,2,2,E1_f
767,4,2,2,2,2,2,-98,1,2,E1_g
768,2,2,2,2,2,2,1,1,1,8
769,2,1,2,2,2,2,2,2,2,E1_a
770,4,2,2,2,2,2,2,2,1,E1_h
771,4,1,2,2,2,2,2,2,2,E1_a
772,2,1,2,2,2,2,2,1,2,1
773,2,1,2,2,2,2,2,1,1,1
774,2,1,2,2,2,1,2,1,2,1
775,2,2,1,2,2,2,2,2,-98,E1_b
776,4,1,2,2,2,2,2,2,2,E1_a
777,1,2,2,2,1,1,2,1,2,5
778,4,2,2,2,2,2,1,2,2,E1_f
779,2,2,2,2,1,2,2,2,2,E1_d
780,1,1,1,2,2,2,2,1,2,1
781,4,2,2,2,2,2,1,2,2,E1_f
782,4,1,2,2,2,2,2,1,1,1
783,2,1,2,2,2,2,2,1,2,1
784,2,2,2,2,2,2,1,1,1,7
785,2,2,1,1,2,2,2,2,2,3
786,2,1,2,2,2,2,2,2,2,E1_a
787,2,1,2,2,2,2,2,1,2,1
788,4,1,2,2,2,2,2,1,1,1
789,4,1,2,2,2,2,2,2,2,E1_a
790,1,1,2,2,2,2,2,2,2,E1_a
791,2,1,2,2,2,2,2,1,1,1
792,2,1,2,2,2,2,2,1,1,1
793,2,2,2,2,2,2,2,1,2,E1_g
794,4,1,2,2,2,2,2,2,2,E1_a
795,1,2,2,2,2,2,1,2,2,E1_f
796,2,1,2,2,2,2,2,2,2,E1_a
797,4,1,2,2,2,2,2,2,2,E1_a
798,1,2,2,2,2,2,1,1,-98,6
799,2,2,2,2,2,2,1,1,2,6
800,2,1,1,2,2,2,2,2,2,1
801,2,1,2,2,2,2,2,1,2,1
802,2,2,2,2,2,2,1,2,2,E1_f
803,4,2,2,2,2,2,1,2,2,E1_f
804,2,1,2,2,2,2,2,1,1,-100
805,2,1,2,2,2,2,2,2,2,E1_a
806,4,1,2,2,2,2,2,2,2,E1_a
807,5,2,2,2,2,1,2,1,2,5
808,2,1,2,2,2,2,2,2,2,E1_a
809,2,2,-99,2,1,2,1,1,2,6
810,2,1,2,2,2,2,2,2,2,E1_a
811,2,1,2,2,2,2,2,1,-98,1
812,4,2,2,2,2,1,2,2,2,E1_e
813,2,2,2,2,2,2,1,1,2,6
814,2,1,2,2,2,2,2,1,2,7
815,2,1,2,2,2,2,2,1,2,1
816,5,2,2,2,2,1,2,1,2,5
817,2,1,2,2,2,2,2,1,2,1
818,4,2,1,2,2,2,2,1,2,2
819,2,1,2,2,2,2,2,2,-99,E1_a
820,4,2,2,2,2,2,1,2,2,E1_f
821,2,1,2,2,2,2,1,2,-98,1
822,2,2,2,2,1,1,2,2,2,5
823,2,1,2,2,2,2,2,1,2,1
824,2,2,2,2,2,2,1,1,1,8
825,4,1,2,2,2,2,2,2,2,E1_a
826,4,2,1,1,2,2,2,2,2,3
827,1,1,2,2,2,2,2,2,2,E1_a
828,2,1,2,2,2,2,2,2,2,E1_a
829,4,1,2,2,2,2,2,1,2,1
830,2,2,2,2,2,2,1,1,1,6
831,4,2,1,1,2,2,2,1,1,2
832,2,1,2,2,2,2,2,1,2,1
833,4,1,2,2,2,2,1,2,2,6
834,1,2,2,2,2,2,1,1,1,8
835,4,1,2,2,2,2,2,1,1,1
836,2,1,2,2,2,2,2,1,2,1
837,4,1,2,2,2,2,2,2,2,E1_a
838,2,1,2,2,2,2,2,2,2,E1_a
839,4,1,2,2,2,2,2,2,2,E1_a
840,2,1,2,2,2,2,2,1,2,1
841,2,1,2,2,2,2,2,2,2,E1_a
842,2,1,2,2,1,2,2,2,2,1
843,4,1,2,2,2,2,2,2,2,E1_a
844,2,2,2,2,2,2,1,1,-99,6
845,2,1,2,2,2,2,2,1,2,7
846,2,1,2,2,2,2,2,2,2,E1_a
847,2,1,2,2,2,2,2,1,2,1
848,4,2,1,2,2,2,1,1,2,6
849,2,2,2,2,2,2,1,1,2,6
850,2,1,1,2,2,2,2,1,2,7
851,1,1,2,2,2,2,2,1,1,1
852,4,2,2,2,2,2,1,2,1,6
853,2,1,2,2,2,2,2,2,2,E1_a
854,2,2,2,2,2,2,2,1,2,E1_g
855,2,1,2,2,2,2,2,1,2,1
856,2,1,2,2,2,2,1,1,2,6
857,2,2,2,2,2,1,1,2,2,5
858,1,2,2,2,2,2,1,1,2,6
859,1,2,2,2,2,2,1,2,1,8
860,4,1,2,2,2,2,2,2,1,1
861,2,2,2,2,2,2,1,2,1,8
862,2,1,2,2,2,2,2,2,2,E1_a
863,2,2,2,2,2,2,1,1,2,6
864,2,2,2,2,2,2,1,2,2,E1_f
865,4,2,2,2,1,2,2,1,2,7
866,2,1,2,2,2,2,2,1,2,1
867,2,1,2,2,2,2,2,2,2,E1_a
868,2,2,2,2,2,1,1,1,2,6
869,4,1,2,2,2,2,1,2,2,1
870,2,2,1,2,1,2,2,1,2,7
871,2,1,2,2,2,2,2,2,2,E1_a
872,2,2,2,2,1,2,2,1,2,7
873,2,2,2,2,2,1,1,2,2,6
874,2,1,2,2,2,2,2,1,1,8
875,1,2,2,2,2,2,1,2,1,6
876,2,2,2,2,2,2,2,1,2,E1_g
877,2,2,2,2,2,2,1,1,2,6
878,4,1,2,2,2,2,2,1,2,7
879,2,1,2,2,2,2,2,2,2,E1_a
880,1,1,2,2,2,2,1,2,2,6
881,2,2,2,1,2,2,1,2,-98,3
882,1,1,1,2,2,2,2,2,2,1
883,2,2,2,2,2,1,2,2,2,E1_e
884,2,2,2,2,2,2,1,1,2,6
885,2,1,2,2,2,2,2,2,2,E1_a
886,2,1,2,2,2,2,2,2,2,E1_a
887,4,1,2,2,2,2,2,2,2,E1_a
888,1,1,2,2,2,2,2,1,2,1
889,4,2,2,2,1,2,2,2,2,E1_d
890,4,1,2,2,2,2,2,1,2,1
891,2,1,2,2,2,2,2,2,2,E1_a
892,2,2,2,2,2,2,1,2,2,E1_f
893,1,1,2,2,2,2,2,1,2,1
894,2,1,2,2,2,2,2,1,1,1
895,4,1,2,2,2,2,2,2,2,E1_a
896,2,2,2,2,2,2,1,2,-98,E1_f
897,2,1,2,2,2,2,2,2,2,E1_a
898,5,2,2,2,2,1,1,1,2,5
899,1,1,2,2,2,2,2,2,2,E1_a
900,2,1,2,2,2,2,2,1,2,1
901,2,1,2,2,2,2,2,2,-98,E1_a
902,2,1,2,2,2,2,2,1,2,1
903,2,2,2,2,2,2,1,2,2,E1_f
904,2,2,2,2,2,2,1,1,2,6
905,2,1,2,2,2,2,2,2,2,E1_a
906,2,2,2,2,2,2,1,1,2,6
907,2,2,2,2,2,1,2,2,-98,E1_e
908,1,1,2,2,2,2,2,1,2,1
909,2,1,2,2,2,2,2,2,2,E1_a
910,2,1,2,2,2,2,2,1,2,1
911,2,2,2,2,2,2,1,1,2,7
912,4,1,2,2,2,2,2,1,2,1
913,2,2,2,2,1,2,2,1,2,7
914,2,2,2,1,2,1,2,2,2,3
915,4,1,2,2,2,2,2,1,2,1
916,4,1,1,2,2,2,2,1,2,1
917,2,1,2,2,2,2,2,1,-99,-99
918,2,2,2,2,2,2,1,1,2,7
919,4,1,2,2,2,2,2,2,2,E1_a
920,2,1,2,2,2,2,2,1,2,1
921,2,2,2,1,1,2,2,1,1,8
922,2,1,2,2,2,2,2,1,2,1
923,2,1,2,2,2,2,2,1,2,7
924,2,2,1,2,2,2,2,1,-98,2
925,2,2,2,2,2,2,2,1,1,-100
926,2,1,1,2,2,2,2,2,2,2
927,4,2,2,2,2,1,1,1,2,5
928,2,1,2,2,2,2,1,2,2,6
929,4,1,2,2,2,2,2,1,1,7
930,2,2,2,2,2,2,1,2,2,E1_f
931,2,2,2,2,2,2,1,1,2,7
932,4,1,1,2,2,2,2,1,1,1
933,2,2,2,1,1,2,2,2,2,3
934,4,2,2,2,2,2,1,1,2,7
935,4,1,2,2,2,2,2,2,2,E1_a
936,2,2,2,1,2,2,2,1,2,3
937,2,1,2,2,2,2,2,2,2,E1_a
938,4,1,2,2,2,2,2,1,2,1
939,2,2,2,2,2,2,1,1,2,6
940,2,2,2,2,2,2,1,1,2,6
941,5,1,2,2,2,2,2,2,2,E1_a
942,3,2,2,2,2,2,1,1,1,8
943,2,1,2,2,2,2,2,1,2,7
944,1,2,2,2,2,2,1,2,2,E1_f
945,2,2,2,2,1,2,2,1,1,8
946,2,1,2,2,2,2,2,1,-98,1
947,2,1,2,2,2,2,2,1,-98,1
948,4,1,1,2,2,2,2,1,2,1
949,2,1,2,2,2,2,2,2,2,E1_a
950,2,2,1,2,2,2,2,1,1,8
951,4,1,2,2,2,2,2,1,1,1
952,2,1,2,2,2,2,2,2,2,E1_a
953,1,1,2,2,2,2,2,2,2,E1_a
954,4,1,2,2,2,2,2,2,2,E1_a
955,2,1,2,2,2,2,2,1,2,1
956,2,2,2,2,2,2,2,1,2,E1_g
957,4,1,1,2,2,2,2,2,2,2
958,2,2,2,2,2,2,1,2,2,E1_f
959,2,2,2,2,2,2,1,1,-98,6
960,4,2,2,2,2,2,1,2,2,E1_f
961,1,1,1,2,1,2,2,1,1,8
962,1,1,2,2,2,2,2,2,2,E1_a
963,2,1,2,2,2,2,2,1,2,1
964,1,2,2,2,2,2,1,2,2,E1_f
965,2,2,2,2,1,2,2,1,1,8
966,2,1,2,2,2,2,2,1,2,1
967,2,2,2,2,2,2,1,2,2,E1_f
968,4,2,2,2,2,2,1,2,2,E1_f
969,4,2,2,2,2,2,1,2,2,E1_f
970,4,1,2,2,2,2,2,1,2,1
971,2,1,2,2,2,2,2,2,2,E1_a
972,1,1,2,2,2,2,2,2,2,E1_a
973,2,2,2,1,-98,2,2,1,1,7
974,1,2,2,2,2,2,1,2,2,E1_f
975,1,1,2,2,2,2,2,2,2,E1_a
976,2,2,1,2,1,2,2,2,2,2
977,1,2,2,2,2,2,1,2,2,E1_f
978,2,1,2,2,2,2,2,2,2,E1_a
979,2,2,2,2,2,1,1,1,2,5
980,1,1,2,2,2,2,2,1,2,1
981,4,1,2,2,2,2,2,2,1,-100
982,5,2,2,2,2,1,2,2,2,E1_e
983,2,2,2,2,2,2,1,1,2,6
984,2,2,2,2,2,2,1,1,1,8
985,1,1,2,2,2,2,2,2,2,E1_a
986,5,1,2,2,2,2,2,2,2,E1_a
987,2,1,2,2,2,2,2,1,1,1
988,2,1,2,2,2,2,2,1,2,7
989,2,1,2,2,2,2,2,1,2,1
990,2,1,2,2,2,2,1,2,2,1
991,4,1,2,2,2,2,2,1,-98,1
992,2,1,2,2,2,2,2,1,2,1
993,1,2,2,2,2,2,1,1,1,6
994,1,2,2,2,2,2,1,2,2,E1_f
995,2,2,2,2,2,2,1,1,1,6
996,1,2,1,2,2,2,2,1,2,7
997,2,1,2,2,2,2,2,1,2,1
998,4,1,2,2,2,2,2,2,2,E1_a
999,2,2,2,2,2,2,2,1,2,E1_g
1000,2,1,1,2,2,2,2,1,2,2
1001,4,1,2,2,2,2,2,2,2,E1_a
1002,4,1,2,2,2,2,2,1,2,1
1003,2,1,2,2,2,2,2,2,2,E1_a
1004,2,2,2,2,2,2,1,1,1,6
1005,2,1,2,2,2,2,2,1,2,1
1006,2,2,2,2,2,2,1,1,1,8
1007,4,1,2,2,2,2,2,2,2,E1_a
1008,1,1,2,2,2,2,2,2,2,E1_a
1009,2,2,2,2,2,2,1,2,2,E1_f
1010,2,1,2,2,2,2,2,2,2,E1_a
1011,2,1,2,2,2,2,2,2,2,E1_a
1012,4,1,2,2,2,2,2,1,2,1
1013,4,1,2,2,2,2,2,2,2,E1_a
1014,4,2,2,2,2,2,2,1,2,E1_g
1015,2,2,2,2,2,2,1,1,2,6
1016,1,2,2,2,2,2,1,2,2,E1_f
1017,2,1,2,2,2,2,1,2,2,1
1018,2,1,2,2,2,2,2,2,2,E1_a
1019,1,1,2,2,2,2,1,1,1,6
1020,2,1,2,2,2,2,2,1,2,1
1021,5,2,2,1,2,2,2,1,2,3
1022,1,1,2,2,2,2,2,2,2,E1_a
1023,2,1,2,2,2,2,2,2,2,E1_a
1024,2,2,2,2,2,2,1,2,2,E1_f
1025,2,1,2,2,2,2,2,2,2,E1_a
1026,2,1,1,2,2,2,2,2,2,1
1027,2,1,2,2,2,2,2,1,2,1
1028,4,1,2,2,2,2,2,1,2,7
1029,2,1,2,2,2,2,2,1,2,1
1030,4,1,2,2,2,2,2,1,-98,1
1031,2,2,2,2,2,1,1,1,2,6
1032,4,2,2,2,2,2,1,2,2,E1_f
1033,4,2,2,2,2,2,2,2,2, 
1034,2,1,2,2,2,2,2,2,2,E1_a
1035,2,2,2,2,2,2,1,1,2,6
1036,4,1,1,2,2,2,2,2,2,1
1037,4,2,2,2,2,2,2,1,-99,E1_g
1038,2,1,2,2,2,2,2,1,2,1
1039,2,2,2,2,2,1,1,2,2,5
1040,4,2,2,2,2,2,1,2,2,E1_f
1041,4,1,2,2,2,2,2,1,2,7
1042,2,1,2,2,2,2,2,2,2,E1_a
1043,4,2,1,2,2,2,2,1,2,7
1044,2,1,2,2,2,2,2,1,2,7
1045,2,1,2,2,2,2,2,2,2,E1_a
1046,2,1,2,2,2,2,2,2,2,E1_a
1047,2,1,2,2,2,2,2,2,2,E1_a
1048,4,2,2,2,2,2,2,1,2,E1_g
1049,2,2,2,2,2,2,1,2,2,E1_f
1050,2,1,2,2,2,2,1,1,2,6
1051,1,1,1,2,2,2,2,1,2,1
1052,2,1,2,2,2,2,2,1,2,1
1053,2,1,2,2,2,2,2,1,2,1
1054,4,1,2,2,2,2,2,2,2,E1_a
1055,2,2,1,2,1,2,2,1,2,7
1056,1,2,2,2,2,2,1,1,2,6
1057,1,1,2,2,2,2,2,1,2,1
1058,2,2,2,2,2,2,1,1,2,7
1059,2,1,2,2,2,2,2,1,2,1
1060,4,1,2,2,2,2,2,2,-98,E1_a
1061,2,1,2,2,2,2,2,1,-98,1
1062,2,2,2,2,2,2,1,2,2,E1_f
1063,1,1,2,2,2,2,2,2,2,E1_a
1064,2,1,2,2,2,2,2,1,2,1
1065,4,1,2,2,2,2,2,1,2,1
1066,2,1,2,2,2,2,2,1,2,1
1067,2,2,2,2,2,2,1,2,2,E1_f
1068,4,1,2,2,2,2,2,1,2,7
1069,4,1,2,2,2,2,2,1,2,1
1070,2,2,2,2,1,2,1,1,2,6
1071,4,1,2,2,2,2,2,1,2,1
1072,4,2,2,2,1,2,2,1,-98,7
1073,4,1,2,2,2,1,2,2,1,8
1074,2,1,2,2,2,2,2,2,2,E1_a
1075,4,1,2,2,2,2,2,2,2,E1_a
1076,2,2,1,2,2,2,1,1,1,6
1077,2,1,2,2,2,2,2,1,2,1
1078,2,2,1,2,2,2,1,1,2,6
1079,2,1,1,2,2,2,2,1,2,1
1080,2,1,2,2,2,2,2,2,2,E1_a
1081,4,2,2,2,2,2,1,2,-98,E1_f
1082,2,1,2,2,2,2,2,1,2,1
1083,2,1,2,2,2,2,2,2,2,E1_a
1084,2,1,2,2,2,2,2,1,2,1
1085,4,1,2,2,2,2,2,1,2,1
1086,4,1,2,2,2,2,2,1,2,1
1087,2,2,2,2,2,2,2,1,2,E1_g
1088,2,1,2,2,2,2,2,1,2,7
1089,2,1,2,2,2,2,2,1,2,7
1090,2,1,2,2,2,2,2,1,2,1
1091,4,2,2,2,2,2,1,2,2,E1_f
1092,5,2,2,2,2,2,1,2,2,E1_f
1093,1,2,2,2,2,2,1,1,2,6
1094,2,1,2,2,2,2,2,2,2,E1_a
1095,4,1,2,2,2,2,2,2,2,E1_a
1096,2,2,2,2,2,1,1,1,2,6
1097,3,1,2,2,2,2,2,1,2,1
1098,5,2,2,2,2,1,1,1,2,6
1099,4,1,2,2,2,2,2,1,2,1
1100,1,1,2,2,2,2,2,1,-99,7
1101,4,2,2,2,2,2,1,2,1,6
1102,2,1,2,2,2,2,2,1,2,1
1103,2,2,2,2,2,2,1,2,2,E1_f
1104,2,1,2,2,2,2,2,1,2,7
1105,2,1,2,2,2,2,2,1,2,1
1106,2,2,2,2,2,2,1,1,2,6
1107,2,1,2,2,2,2,2,2,2,E1_a
1108,4,2,2,2,2,2,1,2,1,6
1109,2,2,2,2,2,2,1,2,2,E1_f
1110,2,2,2,2,2,2,2,2,1,E1_h
1111,2,2,2,2,2,2,1,1,2,6
1112,4,1,2,2,2,2,2,2,2,E1_a
1113,2,2,2,2,2,2,1,1,1,6
1114,2,2,2,1,2,2,2,2,2,E1_c
1115,2,2,2,2,2,2,1,2,2,E1_f
1116,1,2,2,2,2,2,2,2,1,E1_h
1117,2,2,2,2,2,2,1,1,2,6
1118,2,2,2,1,2,2,1,2,-98,3
1119,2,1,2,2,2,2,2,2,2,E1_a
1120,2,1,2,2,2,2,2,2,2,E1_a
1121,2,1,2,2,2,2,2,1,2,1
1122,2,1,2,2,2,1,2,2,2,1
1123,2,2,2,2,2,2,1,1,1,6
1124,2,1,2,2,2,2,2,2,2,E1_a
1125,4,2,2,2,2,2,2,1,1,7
1126,2,2,2,2,2,2,1,1,2,6
1127,2,1,2,2,2,2,2,2,2,E1_a
1128,5,1,2,2,2,2,2,2,1,-100
1129,2,1,2,1,2,2,1,2,2,6
1130,2,2,2,2,2,2,2,2,2, 
1131,2,1,2,2,2,2,2,1,-98,7
1132,2,2,2,2,2,2,1,1,-98,6
1133,5,1,2,2,2,2,2,2,2,E1_a
1134,2,2,2,2,1,2,1,1,1,8
1135,2,2,2,2,2,2,1,1,2,6
1136,2,1,2,2,2,2,2,1,2,1
1137,2,1,2,2,2,2,2,1,2,1
1138,4,1,1,2,2,2,2,1,2,1
1139,2,1,2,2,2,2,2,2,2,E1_a
1140,2,1,2,2,2,1,2,2,2,1
1141,4,2,2,2,2,2,1,2,2,E1_f
1142,2,1,2,2,2,2,2,2,1,1
1143,2,2,2,2,2,2,1,1,2,6
1144,4,1,1,2,2,2,2,1,2,7
1145,2,1,2,2,2,2,2,1,2,1
1146,2,1,1,2,2,2,2,1,2,1
1147,2,2,2,2,2,2,1,1,1,6
1148,2,2,2,2,2,2,1,1,2,6
1149,2,2,2,2,2,2,1,2,-98,E1_f
1150,2,2,2,2,2,1,2,1,2,5
1151,2,2,2,2,2,2,1,1,1,6
1152,2,2,2,2,2,2,1,2,2,E1_f
1153,5,1,2,2,2,2,2,1,2,1
1154,1,1,2,2,2,2,2,1,2,1
1155,2,1,2,2,2,2,2,2,2,E1_a
1156,1,2,2,2,2,2,1,1,2,6
1157,2,1,2,2,2,2,2,1,2,1
1158,2,1,2,2,2,2,2,1,2,1
1159,1,2,2,2,2,2,1,2,2,E1_f
1160,2,2,2,1,1,2,2,1,2,3
1161,2,1,2,2,2,2,2,1,2,1
1162,2,2,2,1,2,2,2,2,2,E1_c
1163,2,1,2,2,2,2,2,1,2,1
1164,2,1,2,2,2,2,2,1,2,1
1165,2,1,2,2,2,2,2,2,-98,E1_a
1166,1,2,2,1,2,2,2,1,2,3
1167,2,2,2,2,2,2,1,2,2,E1_f
1168,2,1,2,2,2,2,2,2,2,E1_a
1169,5,1,1,2,2,2,2,1,2,1
1170,1,1,2,2,2,2,2,1,1,1
1171,2,1,2,2,2,2,2,2,2,E1_a
1172,2,1,2,2,2,2,2,2,2,E1_a
1173,2,1,1,2,2,2,2,1,1,1
1174,4,1,2,2,2,2,2,1,2,1
1175,2,1,2,2,2,2,2,2,2,E1_a
1176,2,1,2,2,2,2,2,1,2,1
1177,2,2,2,2,2,2,1,1,2,6
1178,2,2,2,2,2,2,1,2,2,E1_f
1179,2,2,2,2,2,2,1,2,2,E1_f
1180,5,1,2,2,2,2,2,2,2,E1_a
1181,2,1,2,2,2,2,2,2,2,E1_a
1182,2,2,2,2,2,2,1,2,2,E1_f
1183,2,2,2,2,2,2,1,1,1,-99
1184,2,1,2,2,2,2,2,2,2,E1_a
1185,4,2,2,2,2,2,1,1,2,6
1186,2,1,2,2,2,2,2,1,2,1
1187,4,1,2,2,2,2,2,1,2,1
1188,5,1,2,2,2,2,2,2,2,E1_a
1189,1,1,2,2,2,2,2,2,2,E1_a
1190,2,1,2,2,2,2,2,1,2,1
1191,5,2,2,2,2,2,1,1,1,8
1192,1,1,2,2,2,2,2,2,2,E1_a
1193,2,1,2,2,2,2,2,1,2,1
1194,2,1,2,2,2,2,2,2,2,E1_a
1195,2,2,2,2,2,2,1,2,2,E1_f
1196,4,2,1,1,2,2,2,1,2,2
1197,2,1,2,2,2,2,2,1,2,1
1198,4,1,2,2,2,2,2,2,2,E1_a
1199,2,1,2,2,2,2,2,2,2,E1_a
1200,3,1,2,2,2,2,2,2,2,E1_a
1201,4,1,2,2,2,2,2,2,2,E1_a
1202,1,1,2,2,2,2,2,2,2,E1_a
1203,4,2,2,1,1,2,2,2,1,8
1204,2,2,2,2,2,2,1,1,2,6
1205,2,2,2,2,2,2,1,1,1,6
1206,2,1,2,2,2,2,2,2,2,E1_a
1207,2,1,2,2,2,2,2,1,2,1
1208,2,1,2,2,2,2,2,1,2,7
1209,4,1,2,2,2,2,2,1,2,7
1210,1,2,2,2,2,2,1,1,1,8
1211,4,1,2,2,2,2,2,2,2,E1_a
1212,2,1,2,2,2,2,2,1,2,1
1213,2,1,2,2,2,2,2,1,2,1
1214,2,2,2,2,2,1,2,1,2,5
1215,2,1,2,2,2,2,2,2,2,E1_a
1216,1,2,2,2,2,2,1,2,2,E1_f
1217,2,2,2,2,1,2,2,1,2,7
1218,4,1,2,2,2,2,2,2,2,E1_a
1219,5,1,2,2,2,2,2,2,2,E1_a
1220,2,2,2,2,1,1,2,2,2,4
1221,1,2,2,2,2,2,1,2,2,E1_f
1222,1,2,2,2,2,2,1,2,2,E1_f
1223,5,2,2,2,2,1,1,1,-98,6
1224,2,1,2,2,2,2,2,1,2,1
1225,1,1,2,2,2,2,2,2,2,E1_a
1226,2,2,2,2,2,2,1,2,2,E1_f
1227,1,1,2,2,2,2,2,2,2,E1_a
1228,1,1,1,1,1,2,2,1,1,1
1229,4,1,2,2,2,2,2,2,2,E1_a
1230,2,2,2,2,2,2,2,2,-98, 
1231,4,1,2,2,2,2,2,1,2,1
1232,2,2,2,2,2,1,1,2,2,5
1233,2,1,2,2,2,2,2,1,2,1
1234,2,1,2,2,2,2,2,2,2,E1_a
1235,2,1,2,2,2,2,2,1,2,1
1236,4,1,2,2,2,2,2,1,2,1
1237,2,2,2,2,2,2,2,1,1,8
1238,2,1,1,1,2,2,2,2,1,2
1239,2,2,2,2,2,2,1,1,1,6
1240,2,2,2,2,2,2,1,1,2,6
1241,2,1,2,2,2,2,2,1,2,1
1242,2,1,2,2,2,2,2,1,2,1
1243,2,2,2,2,2,2,1,2,1,8
1244,4,1,1,2,2,2,2,1,2,1
1245,2,1,2,1,1,2,2,2,-98,3
1246,1,2,1,2,2,2,2,1,2,2
1247,2,1,2,2,2,2,2,1,1,1
1248,2,1,1,2,2,2,2,2,2,1
1249,2,1,1,2,2,2,2,1,2,1
1250,2,2,2,2,2,2,1,2,2,E1_f
1251,2,1,2,2,2,2,2,1,-98,1
1252,4,1,1,2,2,2,2,1,2,1
1253,2,1,2,2,2,2,2,1,2,7
1254,-98,2,2,2,2,2,2,1,2,E1_g
1255,2,1,2,2,2,2,2,1,2,1
1256,2,1,2,2,2,2,2,2,2,E1_a
1257,1,1,2,2,2,2,2,1,2,1
1258,2,1,2,2,2,2,2,2,2,E1_a
1259,2,2,1,1,2,2,2,2,2,2
1260,2,2,1,2,2,2,2,2,2,E1_b
1261,4,2,2,2,2,2,1,1,1,6
1262,2,1,2,2,2,2,2,2,2,E1_a
1263,4,1,2,2,2,2,2,1,1,8
1264,2,1,2,2,2,2,2,1,2,1
1265,4,1,2,2,2,1,2,1,2,5
1266,2,1,2,2,2,2,2,1,2,1
1267,2,1,2,2,2,2,2,1,2,7
1268,4,2,2,2,2,2,1,1,2,7
1269,1,1,2,2,2,2,2,2,2,E1_a
1270,2,1,2,2,2,2,2,2,2,E1_a
1271,5,2,2,1,1,2,2,2,2,3
1272,2,1,2,2,2,2,2,1,2,1
1273,4,2,1,1,1,2,2,1,2,2
1274,2,2,2,2,2,2,1,1,2,6
1275,4,1,1,2,2,2,2,1,2,2
1276,2,2,2,2,2,2,2,1,2,E1_g
1277,4,1,2,2,2,2,2,1,1,8
1278,2,2,2,2,2,2,1,2,2,E1_f
1279,2,2,2,2,2,1,1,1,1,8
1280,5,1,1,2,2,2,2,1,2,1
1281,5,1,2,2,2,2,2,1,2,1
1282,2,2,2,2,2,2,2,1,2,E1_g
1283,4,2,2,2,2,1,2,2,1,5
1284,3,2,2,2,2,1,1,2,2,6
1285,2,1,2,2,2,2,2,2,2,E1_a
1286,2,1,2,2,2,2,2,1,-98,1
1287,2,1,2,2,2,2,2,1,2,1
1288,2,1,1,2,2,2,2,1,2,1
1289,2,2,2,1,2,2,2,2,2,E1_c
1290,2,1,2,2,2,2,2,1,1,1
1291,2,1,2,2,2,2,2,1,2,1
1292,2,2,2,2,2,2,1,2,2,E1_f
1293,2,1,2,2,2,2,2,2,2,E1_a
1294,2,2,2,2,2,2,2,1,2,E1_g
1295,5,1,2,2,2,2,2,1,2,1
1296,1,1,2,2,2,2,2,2,2,E1_a
1297,2,2,2,2,2,2,1,1,2,6
1298,4,2,2,2,2,2,1,2,2,E1_f
1299,2,2,2,2,1,2,1,1,2,6
1300,2,2,2,2,2,2,1,1,-98,6
1301,1,1,2,2,2,2,2,1,2,1
1302,4,1,2,2,2,2,2,1,2,1
1303,2,1,2,2,2,2,2,2,2,E1_a
1304,1,2,2,2,2,2,1,2,2,E1_f
1305,1,1,2,2,2,2,2,2,2,E1_a
1306,1,2,2,1,2,2,2,2,2,E1_c
1307,4,1,2,2,2,2,2,2,2,E1_a
1308,2,1,2,2,2,2,2,2,2,E1_a
1309,2,1,2,2,2,2,2,2,1,1
1310,1,1,2,2,2,2,2,1,2,1
1311,1,2,2,2,2,2,1,2,2,E1_f
1312,2,2,2,2,2,2,1,2,2,E1_f
1313,2,2,2,2,2,2,1,1,2,6
1314,2,1,2,2,2,2,2,1,2,1
1315,1,2,2,2,2,2,1,2,-98,E1_f
1316,2,2,2,2,2,2,2,2,2, 
1317,1,2,2,2,2,2,1,2,2,E1_f
1318,1,2,2,2,2,2,1,2,2,E1_f
1319,2,2,2,2,2,2,1,2,2,E1_f
1320,5,1,2,2,2,2,2,2,-98,E1_a
1321,2,2,2,2,2,2,1,1,2,6
1322,5,2,2,2,1,1,2,1,2,5
1323,2,2,2,2,2,2,1,2,2,E1_f
1324,4,2,2,2,1,2,2,2,1,-100
1325,2,2,2,2,2,2,1,2,1,8
1326,2,1,2,2,2,2,2,1,2,7
1327,4,2,2,2,2,2,1,1,-99,6
1328,4,1,2,2,2,2,2,1,2,1
1329,2,2,2,2,1,2,2,2,2,E1_d
1330,2,1,2,2,2,2,2,2,2,E1_a
1331,1,2,2,2,2,2,1,2,2,E1_f
1332,2,1,2,2,2,2,2,2,2,E1_a
1333,2,2,2,2,2,2,1,1,1,6
1334,2,1,2,2,2,2,2,2,2,E1_a
1335,2,1,2,2,2,2,2,2,2,E1_a
1336,2,1,2,2,2,2,2,2,2,E1_a
1337,2,1,2,2,2,2,2,1,2,1
1338,5,2,2,2,2,2,1,1,2,6
1339,1,2,2,2,2,2,1,2,2,E1_f
1340,2,2,2,2,2,2,1,2,2,E1_f
1341,2,1,2,2,2,2,2,2,-98,E1_a
1342,1,2,2,2,2,2,1,2,2,E1_f
1343,2,2,2,2,2,2,1,1,1,6
1344,2,1,2,2,2,2,2,1,2,1
1345,1,1,2,2,2,2,2,1,2,1
1346,2,2,2,2,1,2,2,1,1,8
1347,4,1,2,2,2,2,2,1,-98,1
1348,1,2,2,2,2,1,1,2,2,6
1349,4,2,2,2,2,2,1,1,-99,6
1350,4,1,2,2,2,2,1,1,2,6
1351,2,1,2,2,2,2,1,2,2,1
1352,1,2,2,2,2,2,1,2,2,E1_f
1353,2,2,2,2,2,2,1,1,-99,6
1354,4,2,2,2,2,2,1,1,1,8
1355,4,2,2,2,2,2,1,1,1,6
1356,2,2,2,2,2,2,1,2,2,E1_f
1357,2,1,2,2,2,2,2,2,2,E1_a
1358,2,1,2,2,2,2,2,2,2,E1_a
1359,2,1,2,2,2,2,2,1,2,1
1360,2,1,2,2,2,2,2,2,-98,E1_a
1361,2,2,2,2,2,2,1,1,1,8
1362,1,2,2,2,2,2,1,1,2,7
1363,1,2,2,2,2,2,1,1,2,6
1364,4,2,2,2,2,2,1,2,2,E1_f
1365,2,2,2,2,2,2,1,2,1,8
1366,2,1,2,2,2,2,2,2,2,E1_a
1367,1,2,2,2,2,2,1,2,2,E1_f
1368,2,1,2,2,2,2,2,1,2,1
1369,4,1,2,2,2,2,2,1,2,1
1370,2,2,2,2,2,1,2,1,2,5
1371,2,1,2,2,2,2,2,2,2,E1_a
1372,1,1,2,2,2,2,2,2,2,E1_a
1373,2,2,2,2,2,2,1,1,2,7
1374,2,1,1,2,2,2,2,2,2,1
1375,2,2,2,2,2,2,1,1,2,6
1376,1,1,2,2,2,2,2,2,2,E1_a
1377,2,2,2,2,2,2,1,2,2,E1_f
1378,2,2,2,2,2,-98,1,1,-98,6
1379,2,2,2,2,2,2,1,1,2,6
1380,2,1,2,2,2,2,2,2,2,E1_a
1381,2,1,2,2,2,2,2,2,2,E1_a
1382,1,1,2,2,2,2,1,1,1,6
1383,4,1,1,2,2,2,2,2,2,1
1384,2,2,2,2,2,2,2,1,-99,E1_g
1385,1,1,2,2,2,2,2,1,2,1
1386,2,2,2,2,2,2,1,2,2,E1_f
1387,4,1,2,2,2,2,2,1,2,1
1388,2,1,2,2,2,2,2,2,-98,E1_a
1389,2,2,2,2,1,2,2,1,-98,4
1390,4,1,-99,-99,-99,-99,-99,-99,1,8
1391,2,1,2,2,2,2,2,2,2,E1_a
1392,1,1,2,2,2,2,2,1,2,1
1393,4,2,2,2,2,2,2,1,2,E1_g
1394,2,1,2,2,2,2,2,1,-98,1
1395,2,1,2,2,2,2,2,1,2,7
1396,2,2,1,-98,-98,2,2,1,2,7
1397,2,2,2,2,2,2,2,1,2,E1_g
1398,4,1,2,2,2,2,2,2,2,E1_a
1399,2,1,2,2,2,2,2,2,2,E1_a
1400,2,1,2,2,2,2,2,1,2,1
1401,2,1,2,2,2,2,2,2,2,E1_a
1402,2,2,1,2,1,2,2,2,2,2
1403,2,2,2,2,2,2,2,1,-98,E1_g
1404,4,1,2,2,2,2,2,1,2,1
1405,4,1,2,2,2,2,2,1,2,1
1406,4,1,2,2,2,2,2,2,2,E1_a
1407,2,2,2,2,2,2,1,1,2,6
1408,5,1,2,2,2,2,2,2,2,E1_a
1409,2,1,2,1,2,2,2,1,2,3
1410,4,2,1,2,2,2,2,1,2,7
1411,4,1,1,2,2,2,2,2,2,2
1412,2,1,2,2,2,2,2,2,2,E1_a
1413,2,2,2,2,2,2,1,2,2,E1_f
1414,1,2,2,2,2,2,1,1,2,6
1415,2,2,1,2,2,2,2,2,2,E1_b
1416,4,1,2,2,2,2,2,1,1,1
1417,4,2,2,2,2,2,1,2,-98,E1_f
1418,4,1,2,2,2,2,2,2,2,E1_a
1419,2,1,2,2,2,2,2,1,2,1
1420,4,1,2,2,2,2,2,1,2,1
1421,4,1,2,2,2,2,2,2,2,E1_a
1422,2,1,2,2,2,2,2,1,2,1
1423,2,1,2,2,2,2,2,2,2,E1_a
1424,2,2,2,2,2,2,2,2,2, 
1425,2,1,2,2,2,2,2,2,-98,E1_a
1426,2,2,2,2,2,2,1,1,2,6
1427,2,1,1,2,2,2,2,1,2,1
1428,2,1,2,2,2,2,2,1,2,1
1429,2,2,2,2,2,1,2,2,2,E1_e
1430,1,2,2,2,1,2,1,1,1,8
1431,4,1,2,2,2,2,2,1,2,1
1432,5,1,2,2,2,2,2,2,2,E1_a
1433,2,1,2,2,2,2,2,2,2,E1_a
1434,4,1,2,2,2,2,2,1,2,1
1435,2,1,2,2,2,2,2,1,2,1
1436,1,1,2,2,2,2,2,2,2,E1_a
1437,2,1,2,2,2,2,2,2,2,E1_a
1438,2,1,2,2,2,2,2,2,1,1
1439,2,1,2,2,2,2,2,2,2,E1_a
1440,2,2,2,2,2,2,1,2,1,8
1441,2,2,2,2,2,2,2,1,1,8
1442,4,1,2,1,2,2,2,1,1,8
1443,2,2,2,1,2,2,2,1,-98,3
1444,2,2,2,2,2,2,1,1,-98,6
1445,2,1,2,2,2,2,2,2,2,E1_a
1446,2,1,2,2,2,2,2,1,2,1
1447,4,2,2,2,2,2,1,1,1,6
1448,5,1,2,2,2,2,2,1,2,7
1449,4,1,2,2,2,2,2,1,2,7
1450,1,2,2,2,2,1,1,2,2,6
1451,2,2,2,2,2,2,1,2,2,E1_f
1452,5,2,2,2,2,1,2,2,2,E1_e
1453,2,1,1,2,2,2,2,2,2,1
1454,2,2,2,2,2,2,1,2,1,6
1455,3,2,1,2,2,2,2,2,2,E1_b
1456,2,1,2,2,1,2,2,1,1,8
1457,2,1,1,2,2,2,2,2,2,1
1458,2,2,2,2,2,2,1,1,1,6
1459,2,1,2,2,2,2,2,1,2,1
1460,1,2,2,2,2,2,1,1,-98,7
1461,2,1,2,2,2,2,2,2,2,E1_a
1462,2,1,2,2,2,2,2,1,2,1
1463,2,1,2,2,2,2,2,2,2,E1_a
1464,1,1,2,2,2,2,2,2,2,E1_a
1465,4,2,1,2,1,2,2,1,-98,2
1466,2,1,1,2,2,2,2,1,2,1
1467,2,1,2,2,2,2,2,1,2,1
1468,4,1,2,2,2,2,2,2,2,E1_a
1469,2,2,2,1,2,2,2,1,2,7
1470,2,1,2,2,2,2,2,2,2,E1_a
1471,2,1,2,2,2,2,2,1,2,1
1472,4,2,2,2,2,1,2,1,2,5
1473,5,1,2,2,2,2,2,2,2,E1_a
1474,2,1,2,2,2,2,2,1,2,1
1475,4,1,2,2,2,2,2,1,2,1
1476,2,1,2,2,2,2,2,1,2,7
1477,4,1,2,2,2,2,2,1,2,1
1478,4,1,1,2,2,2,2,1,2,1
1479,2,-98,-98,-98,-98,1,-98,-98,-98,E1_e
1480,1,2,2,2,2,2,1,1,2,6
1481,2,1,2,2,2,2,2,1,2,1
1482,2,1,2,2,2,2,2,1,2,1
1483,2,1,2,2,2,2,2,2,2,E1_a
1484,2,1,2,2,2,2,2,1,2,1
1485,2,1,2,2,2,2,2,1,2,1
1486,4,2,2,2,2,2,1,1,1,7
1487,2,1,1,2,2,2,2,2,2,2
1488,4,2,2,2,2,2,1,1,2,6
1489,4,1,2,2,2,2,2,1,2,1
1490,2,2,2,1,2,2,2,2,2,E1_c
1491,1,1,2,2,2,2,2,1,2,7
1492,2,1,2,2,2,2,2,2,2,E1_a
1493,2,2,2,2,2,2,1,2,2,E1_f
1494,4,2,1,2,2,2,2,1,2,7
1495,2,1,2,2,2,2,2,1,2,1
1496,5,1,2,2,2,2,2,2,2,E1_a
1497,4,1,2,2,2,2,2,1,2,7
1498,2,1,2,2,2,2,2,1,2,1
1499,4,1,2,2,2,2,2,2,2,E1_a
1500,1,1,2,2,2,2,2,2,2,E1_a
1501,2,2,2,2,2,1,1,1,2,6
1502,2,1,2,2,2,2,2,1,2,1
1503,2,2,2,2,2,1,1,1,2,5
1504,1,2,2,2,1,2,1,1,2,6
1505,4,1,2,2,2,2,2,1,1,1
1506,4,1,1,2,2,2,2,1,1,2
1507,4,1,2,2,2,2,2,1,2,1
1508,2,1,2,2,2,2,2,2,2,E1_a
1509,2,1,2,2,2,2,2,2,2,E1_a
1510,4,2,1,2,1,2,2,1,2,2
1511,1,1,2,2,2,2,2,1,2,1
1512,2,2,1,2,1,1,2,2,2,2
1513,2,1,2,2,2,2,1,1,1,8
1514,1,1,2,2,2,2,2,2,2,E1_a
1515,4,2,2,2,2,2,1,2,2,E1_f
1516,2,2,2,2,1,1,2,1,1,8
1517,4,2,2,2,1,2,2,2,2,E1_d
1518,2,2,2,2,2,1,2,1,2,7
1519,1,1,2,2,2,2,2,2,2,E1_a
1520,2,2,2,2,2,2,2,2,2, 
1521,2,2,2,2,2,1,2,1,2,5
1522,1,2,2,2,2,2,1,2,2,E1_f
1523,2,1,2,2,2,2,2,1,2,1
1524,1,1,2,2,2,2,2,1,2,1
1525,1,1,2,2,2,2,2,1,2,1
1526,2,1,1,2,2,2,2,2,2,1
1527,4,2,2,2,2,1,2,2,2,E1_e
1528,4,2,2,2,2,2,1,1,-98,6
1529,1,2,2,2,2,2,1,2,2,E1_f
1530,2,2,2,2,1,2,2,1,2,7
1531,2,2,2,2,2,2,1,1,1,8
1532,4,2,2,2,2,2,1,2,2,E1_f
1533,1,1,2,2,2,2,2,2,2,E1_a
1534,2,2,2,2,2,2,1,1,2,6
1535,2,1,2,2,2,2,2,1,2,1
1536,2,2,2,2,2,2,1,2,2,E1_f
1537,2,2,2,1,1,2,2,2,2,3
1538,2,1,2,2,2,2,2,2,2,E1_a
1539,2,1,2,2,2,2,2,2,2,E1_a
1540,2,1,2,2,2,2,2,1,2,7
1541,4,1,2,2,2,2,2,2,2,E1_a
1542,2,1,2,2,2,2,2,1,2,1
1543,2,1,2,2,2,2,2,1,2,1
1544,2,1,2,2,2,2,2,2,1,8
1545,2,1,2,2,2,2,2,1,2,1
1546,2,1,2,1,2,2,2,1,1,1
1547,2,1,2,2,2,2,1,2,-98,6
1548,4,1,2,2,2,2,2,2,2,E1_a
1549,2,1,1,2,2,2,2,1,2,1
1550,2,2,2,2,2,2,1,1,1,7
1551,4,2,2,2,2,2,1,2,2,E1_f
1552,4,1,2,2,2,2,2,2,-99,E1_a
1553,2,1,2,2,2,2,2,1,2,1
1554,1,2,2,2,2,2,1,2,2,E1_f
1555,5,1,2,2,2,2,2,1,2,1
1556,2,1,2,2,2,2,2,1,2,7
1557,2,1,2,2,2,2,2,1,2,1
1558,2,1,2,2,2,2,2,1,2,1
1559,2,1,2,2,2,2,2,2,2,E1_a
1560,2,2,2,2,2,2,1,2,-99,E1_f
1561,4,2,2,2,2,1,1,1,1,8
1562,2,2,2,2,2,2,1,1,1,8
1563,2,2,2,2,2,2,1,2,2,E1_f
1564,2,1,2,2,2,2,2,2,-99,E1_a
1565,2,2,2,2,2,2,1,2,-98,E1_f
1566,2,2,2,2,2,2,1,2,2,E1_f
1567,5,2,2,2,2,1,2,2,1,8
1568,2,1,2,2,2,2,2,1,2,1
1569,1,1,2,2,2,2,2,2,2,E1_a
1570,1,1,2,2,2,2,2,1,2,1
1571,4,1,2,2,2,2,2,1,-99,1
1572,2,1,2,2,2,2,2,2,2,E1_a
1573,1,1,2,2,2,2,2,2,2,E1_a
1574,2,1,2,2,2,2,2,1,2,1
1575,2,2,2,2,2,2,2,1,2,E1_g
1576,2,1,2,2,2,2,2,2,2,E1_a
1577,2,1,2,2,2,2,2,2,2,E1_a
1578,1,1,2,2,2,2,2,2,2,E1_a
1579,2,1,2,2,2,2,2,1,1,1
1580,4,1,2,2,2,2,2,1,2,1
1581,2,2,2,2,2,2,1,2,2,E1_f
1582,2,2,2,2,2,2,2,1,1,8
1583,4,1,2,2,2,2,2,1,2,7
1584,4,1,2,2,2,2,2,1,2,7
1585,2,2,2,2,2,2,1,2,-98,E1_f
1586,2,1,1,2,2,2,2,1,2,1
1587,5,2,2,2,2,2,1,2,2,E1_f
1588,5,2,2,2,2,2,1,1,1,6
1589,2,2,2,2,2,2,2,1,2,E1_g
1590,2,2,2,2,2,1,2,1,2,7
1591,2,2,2,2,2,2,2,2,2, 
1592,2,1,2,2,2,2,2,1,2,1
1593,1,2,2,2,2,2,1,1,1,8
1594,2,1,2,2,2,2,2,1,2,1
1595,1,1,2,2,2,2,2,2,2,E1_a
1596,4,2,2,2,2,2,1,1,2,7
1597,2,1,1,2,2,2,2,1,2,1
1598,4,1,1,2,2,2,2,2,2,1
1599,2,1,2,2,2,2,2,2,2,E1_a
1600,2,1,2,2,2,2,2,1,2,1
1601,1,2,2,2,2,2,1,2,2,E1_f
1602,2,1,2,2,2,2,2,2,2,E1_a
1603,1,2,2,2,2,2,1,2,1,8
1604,5,1,2,2,2,2,2,2,2,E1_a
1605,2,1,2,2,2,2,2,2,2,E1_a
1606,2,2,2,2,2,2,1,2,2,E1_f
1607,2,1,2,2,2,2,2,2,2,E1_a
1608,4,1,2,2,2,2,2,2,2,E1_a
1609,2,1,2,2,2,2,2,2,2,E1_a
1610,4,1,2,2,2,2,2,1,2,1
1611,2,2,2,2,2,1,2,2,2,E1_e
1612,4,1,2,2,2,2,2,2,2,E1_a
1613,1,2,2,2,2,2,1,1,2,6
1614,2,1,1,2,2,2,2,1,2,1
1615,4,1,2,2,2,2,2,1,2,1
1616,2,1,1,2,2,2,2,1,2,7
1617,2,1,2,1,2,2,2,1,2,3
1618,2,1,2,2,2,2,2,1,-98,1
1619,2,2,2,2,2,2,2,1,2,E1_g
1620,2,2,2,2,2,2,1,1,2,6
1621,4,1,2,2,2,2,2,2,2,E1_a
1622,1,1,2,2,2,2,2,2,2,E1_a
1623,5,1,1,1,2,2,2,1,1,8
1624,4,2,2,1,2,2,2,1,2,7
1625,2,1,2,2,2,2,2,2,2,E1_a
1626,2,2,2,2,2,2,2,1,2,E1_g
1627,1,2,2,2,2,2,1,2,2,E1_f
1628,2,2,2,2,2,1,1,2,-98,5
1629,2,1,2,2,2,2,2,2,2,E1_a
1630,2,1,2,-99,-99,2,2,1,2,-99
1631,4,1,2,2,2,2,2,1,1,8
1632,2,1,2,2,2,2,2,2,2,E1_a
1633,2,2,1,1,1,2,2,2,2,3
1634,4,2,2,2,1,2,2,2,2,E1_d
1635,2,2,2,2,2,1,2,2,2,E1_e
1636,5,1,2,2,2,2,2,1,2,1
1637,5,1,2,2,2,2,2,2,2,E1_a
1638,2,1,2,2,2,2,2,2,2,E1_a
1639,2,1,2,2,2,2,2,2,2,E1_a
1640,4,1,2,2,2,2,2,2,2,E1_a
1641,1,1,2,2,2,2,2,2,2,E1_a
1642,4,1,2,2,2,2,2,1,2,1
1643,4,1,2,2,2,2,2,1,2,1
1644,4,2,2,1,2,2,2,2,2,E1_c
1645,2,1,2,2,2,2,2,2,2,E1_a
1646,2,1,2,2,2,2,2,1,2,1
1647,4,2,2,2,2,2,1,1,2,6
1648,4,2,2,2,2,2,1,1,2,6
1649,2,1,2,2,2,2,2,2,2,E1_a
1650,2,1,2,2,2,2,2,1,2,1
1651,4,2,2,2,2,2,1,2,2,E1_f
1652,5,1,2,2,2,2,1,2,2,6
1653,2,2,2,2,2,2,1,1,2,6
1654,1,2,2,2,2,-99,2,2,-99, 
1655,2,1,2,2,2,-99,2,1,2,1
1656,2,2,2,2,2,2,1,2,2,E1_f
1657,2,1,2,2,2,2,2,1,2,1
1658,2,2,2,1,2,2,2,2,2,E1_c
1659,2,2,2,2,2,2,1,1,2,6
1660,4,1,2,2,2,2,2,1,2,1
1661,1,1,2,2,2,2,2,1,2,7
1662,4,1,2,2,2,2,2,1,2,1
1663,2,2,2,2,1,2,2,1,2,4
1664,2,1,2,2,2,2,2,2,2,E1_a
1665,1,1,2,2,2,2,2,2,2,E1_a
1666,2,2,2,2,2,2,1,1,1,6
1667,1,1,2,2,2,2,2,2,2,E1_a
1668,4,2,2,2,2,2,1,1,1,6
1669,2,1,2,2,2,2,2,2,2,E1_a
1670,2,1,2,2,2,2,2,1,2,1
1671,2,2,2,1,1,2,2,1,2,7
1672,2,2,2,2,2,2,1,2,2,E1_f
1673,2,1,1,2,2,2,2,2,2,2
1674,2,1,2,2,2,2,2,2,2,E1_a
1675,2,1,2,2,2,2,2,2,2,E1_a
1676,2,2,2,2,2,2,1,2,2,E1_f
1677,1,2,2,2,2,2,1,2,2,E1_f
1678,2,2,2,2,2,2,1,2,2,E1_f
1679,2,2,1,2,1,2,2,1,2,7
1680,2,2,2,2,2,2,1,1,2,6
1681,2,1,2,2,2,2,2,2,2,E1_a
1682,2,2,2,2,2,2,1,2,2,E1_f
1683,2,2,2,2,2,2,1,1,2,6
1684,5,1,2,2,2,2,2,1,2,7
1685,4,1,1,1,2,2,2,1,2,1
1686,2,1,2,2,2,2,2,2,2,E1_a
1687,4,1,2,2,2,2,2,2,2,E1_a
1688,2,1,1,2,2,2,2,1,2,1
1689,4,2,2,2,2,2,2,1,2,E1_g
1690,1,2,2,2,2,2,1,1,2,6
1691,5,2,1,2,2,2,2,2,2,E1_b
1692,4,2,2,2,2,1,1,2,2,5
1693,2,2,1,2,2,2,2,1,2,2
1694,2,1,1,2,2,2,2,2,2,1
1695,2,1,2,2,2,2,2,2,2,E1_a
1696,4,2,2,2,2,2,1,2,2,E1_f
1697,4,1,2,2,2,2,2,1,2,1
1698,1,1,2,2,2,2,2,1,2,1
1699,2,1,2,2,2,2,2,1,2,1
1700,4,2,2,2,2,1,2,1,2,5
1701,2,1,2,2,2,2,2,2,2,E1_a
1702,2,1,2,2,2,2,2,1,2,1
1703,1,2,2,2,1,2,2,1,2,7
1704,4,1,2,2,2,2,2,2,2,E1_a
1705,1,2,2,2,2,2,1,1,1,6
1706,4,2,2,1,2,2,2,2,2,E1_c
1707,1,2,2,2,2,2,1,1,2,6
1708,2,1,2,2,2,2,2,2,2,E1_a
1709,2,2,2,2,1,2,2,2,1,4
1710,1,2,1,2,2,2,1,1,1,8
1711,2,2,2,2,2,2,1,2,2,E1_f
1712,2,1,2,2,2,2,2,2,2,E1_a
1713,2,1,2,2,2,2,2,1,2,1
1714,1,2,2,2,2,2,1,1,2,6
1715,4,2,2,2,2,2,2,1,2,E1_g
1716,2,2,2,2,2,2,1,2,2,E1_f
1717,5,2,2,1,2,2,2,2,2,E1_c
1718,2,1,2,2,2,2,2,1,-99,1
1719,4,1,2,2,2,2,2,2,2,E1_a
1720,2,2,2,2,2,2,1,2,-99,E1_f
1721,2,2,1,2,2,2,1,1,2,6
1722,2,1,2,2,2,2,2,1,2,1
1723,2,2,2,2,2,2,1,1,-98,6
1724,4,2,2,2,2,1,1,2,2,6
1725,4,1,2,2,2,2,2,1,2,1
1726,2,2,2,2,2,1,1,2,-99,6
1727,2,1,2,2,2,2,2,1,2,1
1728,2,1,2,2,2,2,2,2,2,E1_a
1729,2,1,2,2,2,2,2,1,-99,1
1730,2,2,2,2,2,2,2,2,2, 
1731,2,2,2,2,2,2,2,1,1,8
1732,2,1,2,2,2,2,2,1,2,1
1733,5,1,1,2,2,2,2,1,2,1
1734,2,1,2,2,2,2,2,1,1,8
1735,4,1,2,2,2,2,2,2,2,E1_a
1736,4,2,2,2,2,2,1,1,1,6
1737,2,1,2,2,2,2,2,2,2,E1_a
1738,1,2,2,2,2,2,1,2,2,E1_f
1739,2,2,1,2,1,2,2,1,2,2
1740,4,2,2,2,2,2,1,1,1,6
1741,2,1,2,2,2,2,2,1,-99,1
1742,4,2,2,2,2,2,2,2,2, 
1743,1,2,2,2,2,2,2,1,2,E1_g
1744,4,1,2,2,2,2,2,2,2,E1_a
1745,2,1,2,2,2,2,2,1,1,1
1746,4,2,2,2,2,2,1,2,1,6
1747,2,1,2,2,2,2,2,1,2,1
1748,5,2,2,2,2,2,1,1,2,7
1749,2,1,2,2,2,2,2,1,1,7
1750,2,1,2,2,2,2,2,1,2,1
1751,2,1,2,1,2,2,2,2,2,-98
1752,5,1,2,2,2,2,2,1,2,7
1753,2,2,1,1,2,2,2,1,2,7
1754,2,1,2,2,2,2,2,1,2,1
1755,4,2,2,2,1,2,2,1,2,4
1756,2,1,2,2,2,2,2,2,2,E1_a
1757,2,2,1,2,1,2,2,1,1,8
1758,4,2,2,1,2,2,2,1,2,3
1759,2,2,2,2,2,1,2,1,2,5
1760,4,1,2,2,2,2,2,1,2,1
1761,2,1,2,2,2,1,2,2,2,1
1762,4,1,2,2,2,2,2,1,2,1
1763,2,1,2,2,2,2,2,2,2,E1_a
1764,4,2,2,2,2,2,2,1,-98,E1_g
1765,2,1,1,2,2,1,2,2,2,1
1766,1,2,2,2,2,2,2,1,2,E1_g
1767,2,1,2,2,2,2,2,1,2,1
1768,2,1,1,2,2,2,2,1,2,2
1769,2,1,2,2,2,2,2,1,2,1
1770,1,2,2,2,1,2,2,1,2,4
1771,2,2,1,2,1,2,2,2,1,8
1772,4,1,2,2,2,2,2,2,2,E1_a
1773,4,1,2,2,2,2,2,1,2,1
1774,2,1,1,2,2,2,2,1,2,1
1775,2,1,2,2,2,2,2,1,2,1
1776,2,1,2,2,2,2,2,1,2,1
1777,2,1,2,2,2,2,2,1,2,1
1778,1,1,2,2,2,2,2,2,2,E1_a
1779,4,1,2,2,2,2,2,2,2,E1_a
1780,4,1,2,2,2,2,2,2,-99,E1_a
1781,4,1,2,2,2,2,2,2,1,8
1782,2,2,2,1,2,2,2,2,2,E1_c
1783,2,1,2,2,2,2,2,2,2,E1_a
1784,2,1,2,2,2,2,2,2,2,E1_a
1785,2,1,2,2,2,2,2,1,2,7
1786,2,2,2,2,1,2,2,1,2,7
1787,2,1,2,2,2,2,2,1,2,7
1788,2,1,2,2,2,2,2,1,2,1
1789,1,1,2,2,2,2,2,2,2,E1_a
1790,1,2,2,2,2,1,2,1,1,5
1791,2,1,2,2,2,2,2,1,2,1
1792,2,1,2,2,2,2,2,1,2,1
1793,2,1,2,2,2,2,2,2,2,E1_a
1794,2,1,2,2,2,2,2,2,2,E1_a
1795,2,1,2,2,2,2,2,1,2,1
1796,2,1,2,2,2,2,2,1,2,1
1797,2,1,2,2,2,2,2,2,2,E1_a
1798,2,2,1,2,2,2,2,1,2,7
1799,4,2,2,1,2,2,2,1,2,3
1800,2,1,2,2,2,2,2,2,2,E1_a
1801,2,1,1,2,2,2,2,2,2,1
1802,2,2,2,2,1,2,2,2,2,E1_d
1803,2,1,2,2,2,2,2,1,1,1
1804,2,1,1,2,2,2,2,1,2,7
1805,2,1,2,2,2,2,2,1,2,7
1806,4,1,2,2,2,2,2,1,2,1
1807,2,1,2,2,2,2,2,2,2,E1_a
1808,4,2,2,2,1,2,2,1,-99,4
1809,2,2,2,1,2,2,2,2,2,E1_c
1810,4,1,2,2,2,2,2,1,2,7
1811,2,2,2,2,1,2,2,1,2,4
1812,2,1,2,2,2,2,2,2,2,E1_a
1813,2,1,2,2,2,2,2,2,2,E1_a
1814,2,1,2,2,2,2,2,2,2,E1_a
1815,2,1,2,2,2,2,2,2,2,E1_a
1816,2,1,2,2,2,2,2,1,2,1
1817,2,1,2,2,2,2,2,1,2,1
1818,4,1,2,2,2,2,2,1,2,1
1819,2,1,2,2,2,2,2,1,2,1
1820,2,1,2,2,2,2,2,1,2,1
1821,2,1,1,2,2,2,2,2,2,1
1822,2,1,1,2,2,2,2,1,2,2
1823,4,2,1,1,2,2,2,1,2,2
1824,2,1,1,2,2,2,2,1,2,1
1825,2,1,2,2,2,2,2,1,2,1
1826,4,1,2,2,2,2,2,1,2,1
1827,4,2,1,2,2,1,2,1,2,2
1828,5,1,2,2,2,1,2,1,-99,1
1829,2,1,2,2,2,2,2,1,2,1
1830,2,2,2,1,2,2,2,1,2,7
1831,4,1,2,2,2,2,2,2,2,E1_a
1832,2,1,1,2,2,2,2,2,2,1
1833,2,1,2,2,2,2,2,2,2,E1_a
1834,2,2,2,2,1,2,2,1,-98,4
1835,2,1,2,2,2,2,2,2,2,E1_a
1836,4,1,2,2,2,2,2,1,2,1
1837,2,1,2,2,2,2,2,2,2,E1_a
1838,2,2,2,1,1,2,2,1,2,7
1839,1,1,2,2,2,2,2,2,1,1
1840,4,1,2,2,2,2,2,1,2,1
1841,2,2,2,2,2,1,2,2,2,E1_e
1842,2,1,2,2,2,2,2,1,2,1
1843,2,2,1,2,1,2,2,2,2,2
1844,2,1,2,2,2,2,2,1,2,1
1845,2,2,2,2,2,2,2,1,2,E1_g
1846,2,1,2,2,2,2,2,1,2,1
1847,2,1,2,2,2,2,2,1,2,1
1848,2,1,2,2,2,2,2,1,2,1
1849,1,1,2,2,2,2,2,2,2,E1_a
1850,1,1,2,2,2,2,2,1,2,1
1851,4,1,2,2,2,2,2,2,2,E1_a
1852,2,1,2,2,2,2,2,1,2,7
1853,2,2,1,2,1,2,2,1,2,7
1854,4,1,2,2,2,2,2,2,2,E1_a
1855,2,1,2,2,2,2,2,2,2,E1_a
1856,2,1,2,2,2,2,2,1,2,1
1857,2,1,2,2,2,2,2,1,2,1
1858,2,1,2,2,2,2,2,2,2,E1_a
1859,2,1,2,2,2,2,2,2,2,E1_a
1860,4,1,1,2,2,2,2,2,2,1
1861,2,1,2,2,2,2,2,2,2,E1_a
1862,4,1,2,2,2,2,2,1,1,8
1863,2,1,2,2,2,2,2,2,2,E1_a
1864,2,1,2,2,2,2,2,2,2,E1_a
1865,2,1,2,2,2,2,2,1,2,1
1866,2,2,2,2,2,2,2,1,1,8
1867,2,1,2,2,2,2,2,2,2,E1_a
1868,2,1,2,2,2,2,2,2,2,E1_a
1869,4,1,1,2,2,2,2,1,2,1
1870,2,1,2,2,2,2,2,1,2,7
1871,2,1,2,2,2,2,2,1,2,1
1872,2,1,2,2,2,2,2,2,2,E1_a
1873,2,2,2,2,2,1,2,2,2,E1_e
1874,4,1,2,2,2,2,2,2,2,E1_a
1875,5,1,2,2,2,2,2,1,2,1
1876,2,1,2,2,2,2,2,1,2,1
1877,2,1,2,2,2,2,2,2,2,E1_a
1878,1,1,2,2,2,2,2,1,2,1
1879,-98,2,1,1,1,2,2,1,2,2
1880,2,2,2,2,1,1,2,1,-98,5
1881,5,1,1,2,2,2,2,2,2,2
1882,2,1,2,2,2,2,2,2,2,E1_a
1883,4,2,2,2,1,2,2,1,1,8
1884,5,1,2,2,2,2,2,1,2,1
1885,2,1,2,2,2,2,2,1,2,1
1886,2,1,2,2,2,2,2,2,2,E1_a
1887,5,2,2,1,2,2,2,1,2,7
1888,2,1,1,2,2,2,2,2,2,1
1889,2,1,2,2,2,2,2,2,2,E1_a
1890,2,2,2,2,2,2,1,2,1,6
1891,2,1,2,2,2,2,1,2,2,6
1892,1,1,2,2,2,2,2,2,2,E1_a
1893,2,1,2,2,2,2,2,1,2,1
1894,2,2,2,2,2,2,1,2,-98,E1_f
1895,2,1,2,2,2,2,2,1,-98,1
1896,4,1,2,2,2,2,2,2,2,E1_a
1897,4,2,2,2,2,1,2,2,2,E1_e
1898,4,2,2,1,1,2,2,2,2,4
1899,4,2,2,2,2,1,1,2,2,5
1900,1,1,2,2,2,2,2,2,2,E1_a
1901,2,1,2,2,2,2,2,1,-98,1
1902,2,1,2,2,2,2,2,2,2,E1_a
1903,4,1,2,2,2,2,2,1,2,1
1904,2,1,2,2,2,2,2,2,2,E1_a
1905,2,1,2,2,2,2,2,2,2,E1_a
1906,2,2,2,2,2,2,1,1,-99,6
1907,1,2,2,2,2,1,1,2,2,6
1908,2,1,2,2,2,2,1,1,2,1
1909,4,2,2,2,2,2,1,1,1,8
1910,2,2,1,2,1,2,2,1,1,4
1911,2,1,2,2,2,2,-98,1,1,8
1912,5,1,2,2,2,2,2,1,2,1
1913,1,1,2,2,2,2,2,2,2,E1_a
1914,1,2,2,2,2,2,1,2,1,8
1915,2,1,1,2,2,2,2,1,2,2
1916,2,1,2,2,2,2,2,2,2,E1_a
1917,5,1,2,2,2,1,2,1,2,1
1918,2,2,2,2,2,2,1,2,-99,E1_f
1919,4,1,2,2,2,2,2,2,2,E1_a
1920,2,2,2,2,1,2,2,1,2,7
1921,2,1,2,2,2,2,2,1,2,1
1922,2,1,2,2,2,2,2,1,2,1
1923,4,1,2,2,2,2,2,1,2,1
1924,2,1,2,2,2,2,2,2,1,-100
1925,2,1,2,2,2,2,2,1,2,1
1926,4,2,2,2,2,2,1,2,2,E1_f
1927,2,1,2,2,2,2,2,1,2,1
1928,4,1,2,2,2,2,2,1,2,1
1929,2,1,2,2,2,2,2,2,2,E1_a
1930,2,1,2,2,2,2,2,1,2,7
1931,2,2,2,2,2,1,1,1,2,6
1932,2,1,2,2,2,2,2,2,2,E1_a
1933,2,1,1,2,2,2,2,1,2,2
1934,2,2,2,2,2,2,1,1,-99,6
1935,1,1,1,2,2,2,2,2,2,1
1936,5,2,2,2,2,1,1,2,-98,5
1937,1,2,2,2,2,2,2,2,2, 
1938,4,2,2,2,2,2,1,1,1,6
1939,2,2,2,2,2,2,1,1,2,6
1940,5,2,2,2,2,2,1,2,2,E1_f
1941,4,1,2,2,2,2,2,2,2,E1_a
1942,2,2,2,2,1,2,2,1,2,7
1943,2,2,2,2,2,2,1,1,2,7
1944,2,2,2,2,1,2,2,1,2,4
1945,2,2,1,2,1,2,2,2,2,2
1946,2,1,2,2,2,2,2,2,2,E1_a
1947,2,2,2,2,2,2,1,2,2,E1_f
1948,2,2,2,2,2,2,2,1,2,E1_g
1949,2,1,2,2,2,2,2,1,2,1
1950,1,2,2,2,2,2,1,1,2,6
1951,2,2,2,2,2,2,1,2,2,E1_f
1952,2,1,2,2,2,2,2,1,1,8
1953,4,2,2,2,2,2,1,2,2,E1_f
1954,2,1,1,2,2,2,2,1,2,2
1955,4,1,2,2,2,2,2,1,1,1
1956,1,1,1,2,2,2,2,2,2,1
1957,4,1,2,1,2,2,2,2,2,1
1958,1,1,2,2,2,2,2,1,2,1
1959,2,1,2,2,2,2,2,1,2,1
1960,4,2,2,2,2,2,1,2,2,E1_f
1961,2,1,2,2,2,2,2,1,2,1
1962,5,2,2,2,2,2,1,1,1,8
1963,2,2,2,1,1,2,2,2,2,4
1964,4,2,2,2,1,2,2,1,2,7
1965,2,2,2,1,2,2,2,1,2,3
1966,1,2,2,2,2,2,1,1,1,8
1967,2,2,2,2,2,2,1,2,1,6
1968,4,1,1,2,2,1,2,1,2,7
1969,2,2,2,2,2,2,1,1,2,6
1970,2,1,1,1,2,2,2,2,2,3
1971,2,1,2,2,2,2,2,1,2,1
1972,1,1,2,2,2,2,2,2,2,E1_a
1973,2,2,2,2,1,1,2,2,2,5
1974,2,1,2,2,2,2,2,2,2,E1_a
1975,1,1,2,2,2,2,2,2,2,E1_a
1976,2,1,1,2,2,2,2,1,-99,1
1977,5,2,2,2,2,2,1,2,2,E1_f
1978,4,1,2,2,2,2,2,1,2,1
1979,5,1,2,2,2,2,2,2,-98,E1_a
1980,2,2,2,2,2,2,1,1,2,6
1981,2,1,2,2,2,2,2,1,2,7
1982,1,2,2,2,1,2,2,2,2,E1_d
1983,2,2,2,2,2,2,1,1,2,6
1984,4,2,2,2,2,2,1,1,2,6
1985,2,2,2,2,2,1,2,1,2,7
1986,2,2,2,2,2,2,1,2,-98,E1_f
1987,2,2,2,2,2,2,1,2,2,E1_f
1988,1,2,2,2,2,2,1,1,-99,6
1989,4,2,1,1,2,2,2,1,2,3
1990,2,2,2,2,2,2,1,2,2,E1_f
1991,2,1,2,2,2,2,2,1,2,1
1992,2,2,1,2,1,2,2,1,2,2
1993,1,1,2,2,2,2,1,1,2,1
1994,2,2,2,2,2,1,2,1,1,5
1995,2,2,2,2,2,1,2,2,-98,E1_e
1996,1,2,2,2,2,2,1,2,2,E1_f
1997,2,1,2,2,2,2,2,1,1,1
1998,1,2,2,2,2,2,1,2,-98,E1_f
1999,4,2,2,2,2,2,2,1,2,E1_g
2000,2,1,2,2,2,2,2,2,2,E1_a
2001,4,1,1,2,2,2,2,1,2,7
2002,4,2,2,2,2,2,1,2,2,E1_f
2003,2,2,2,2,2,2,1,2,2,E1_f
2004,2,1,2,2,2,2,2,1,1,1
2005,2,1,2,2,2,2,2,1,2,7
2006,2,1,2,2,2,2,2,1,2,7
2007,2,2,2,2,2,2,1,2,2,E1_f
2008,2,2,2,2,1,2,2,1,2,7
2009,2,2,2,2,1,1,2,1,2,5
2010,2,1,2,2,2,2,2,1,2,1
2011,2,1,2,2,2,2,2,1,2,1
2012,2,2,2,2,2,2,1,1,2,6
2013,2,1,2,2,2,2,2,1,2,1
2014,4,1,2,2,2,2,2,1,2,1
2015,2,2,2,2,2,1,1,2,2,6
2016,1,1,2,2,2,2,2,2,2,E1_a
2017,5,2,2,1,1,2,2,1,1,8
2018,2,2,2,2,2,1,1,1,-98,6
2019,1,2,1,1,2,2,2,1,2,3
2020,1,1,2,2,2,2,2,2,2,E1_a
2021,2,2,2,2,2,2,2,2,2, 
2022,2,1,2,2,2,2,2,2,2,E1_a
2023,2,1,2,2,2,2,2,1,2,1
2024,4,1,2,2,2,2,2,1,2,1
2025,1,1,2,2,2,2,2,2,2,E1_a
2026,2,1,2,2,2,2,2,1,2,1
2027,4,1,2,2,2,2,2,1,2,1
2028,2,2,2,2,2,2,2,2,2, 
2029,2,2,2,2,2,2,1,2,2,E1_f
2030,4,2,2,2,2,2,1,2,-98,E1_f
2031,2,2,2,2,2,2,1,1,1,6
2032,2,2,2,2,2,2,1,2,2,E1_f
2033,2,2,2,2,2,2,1,2,2,E1_f
2034,2,1,2,2,2,2,2,1,2,1
2035,2,1,2,2,2,2,2,1,2,1
2036,2,2,2,2,2,2,1,1,2,7
2037,4,1,2,1,2,2,2,2,2,3
2038,2,2,2,2,2,2,1,1,1,6
2039,2,2,1,2,2,2,2,1,1,7
2040,4,1,2,2,2,2,2,2,2,E1_a
2041,1,1,2,2,2,2,2,1,2,1
2042,1,1,2,2,2,2,2,1,2,1
2043,2,2,2,2,2,2,1,2,2,E1_f
2044,4,1,1,2,2,2,2,1,2,2
2045,2,1,2,2,2,2,2,2,2,E1_a
2046,4,1,2,2,2,2,2,1,2,7
2047,4,2,1,2,2,2,2,2,2,E1_b
2048,2,2,2,2,1,2,2,2,2,E1_d
2049,2,2,2,2,2,2,1,1,2,6
2050,1,1,1,2,2,2,2,1,2,7
2051,2,2,2,2,2,2,2,1,2,E1_g
2052,4,1,2,2,2,2,2,1,2,1
2053,5,1,2,2,2,1,2,1,2,1
2054,1,2,2,2,2,2,1,1,2,6
2055,2,2,2,2,2,2,2,1,2,E1_g
2056,4,2,1,2,1,2,2,2,2,4
2057,1,1,2,2,2,2,2,2,2,E1_a
2058,1,2,2,2,2,2,2,1,2,E1_g
2059,2,2,2,2,2,2,1,1,2,6
2060,2,1,2,2,2,2,2,1,2,1
2061,2,1,2,2,2,2,2,2,2,E1_a
2062,5,2,2,1,1,2,2,1,2,4
2063,2,1,2,2,2,2,2,2,2,E1_a
2064,2,2,2,2,2,2,1,1,1,8
2065,2,2,2,2,2,2,2,1,2,E1_g
2066,2,2,2,2,2,2,1,1,2,6
2067,5,2,2,2,2,2,1,1,2,6
2068,2,1,2,2,2,2,2,1,2,1
2069,2,1,2,2,2,2,2,1,2,1
2070,2,1,2,2,2,2,2,1,2,1
2071,2,2,2,2,2,2,1,1,-98,6
2072,1,2,2,2,2,1,1,2,2,5
2073,4,2,2,2,2,2,1,1,1,8
2074,2,2,2,2,2,2,1,1,2,6
2075,2,2,2,2,2,2,1,2,2,E1_f
2076,2,1,2,2,2,2,2,2,2,E1_a
2077,2,1,2,2,2,2,2,2,2,E1_a
2078,2,2,2,2,2,2,1,1,1,7
2079,1,2,2,2,2,2,1,2,2,E1_f
2080,2,1,2,2,2,2,2,1,2,1
2081,2,1,2,2,2,2,2,2,-98,E1_a
2082,2,2,2,2,2,2,2,1,2,E1_g
2083,2,1,2,1,2,2,2,1,1,1
2084,2,2,2,2,2,2,1,1,-99,6
2085,2,1,2,2,2,2,1,1,2,7
2086,4,2,2,2,2,2,1,2,1,6
2087,1,1,2,2,2,2,2,2,2,E1_a
2088,4,1,2,2,2,2,2,1,-98,1
2089,2,1,2,2,2,2,2,1,2,1
2090,2,1,2,2,2,2,2,1,2,1
2091,2,1,2,2,2,2,2,2,2,E1_a
2092,1,2,2,2,2,2,1,1,-99,6
2093,4,1,2,2,2,2,2,2,2,E1_a
2094,1,2,2,2,2,2,1,2,-98,E1_f
2095,4,1,1,2,2,2,2,2,2,1
2096,1,2,2,2,2,2,1,1,1,6
2097,2,2,2,1,2,2,2,1,2,3
2098,2,1,2,2,2,2,2,2,2,E1_a
2099,5,1,2,2,2,1,2,2,2,1
2100,2,2,2,2,2,2,2,1,2,E1_g
2101,2,1,2,2,2,2,2,2,2,E1_a
2102,4,1,2,2,2,2,2,2,2,E1_a
2103,2,1,2,2,2,2,2,2,2,E1_a
2104,1,2,2,2,2,2,1,2,2,E1_f
2105,1,1,2,2,2,2,2,1,1,1
2106,2,2,2,2,2,2,2,2,2, 
2107,4,1,2,2,2,2,2,1,2,1
2108,2,1,2,2,2,2,2,2,2,E1_a
2109,2,1,2,2,2,2,2,1,2,1
2110,2,1,2,2,2,2,2,2,2,E1_a
2111,2,1,2,2,2,2,2,1,2,1
2112,2,2,2,2,2,2,1,2,2,E1_f
2113,2,1,2,2,2,2,2,2,2,E1_a
2114,2,2,2,2,2,2,1,1,2,6
2115,4,2,2,2,2,2,1,1,2,6
2116,1,2,2,2,2,2,1,2,2,E1_f
2117,2,1,2,2,2,2,2,2,2,E1_a
2118,2,2,2,2,2,2,1,2,2,E1_f
2119,2,2,2,2,2,1,1,1,1,6
2120,4,2,2,2,2,2,2,1,2,E1_g
2121,2,1,2,2,2,2,2,1,2,1
2122,2,2,2,2,2,1,2,1,2,5
2123,2,2,2,2,2,2,1,1,2,6
2124,2,1,2,2,2,2,1,1,2,6
2125,4,1,2,2,2,2,2,2,2,E1_a
2126,1,1,2,2,1,2,2,2,1,8
2127,2,1,2,2,2,2,2,2,2,E1_a
2128,2,2,2,2,2,2,2,1,2,E1_g
2129,2,2,2,2,1,2,2,2,2,E1_d
2130,1,1,2,2,2,2,2,1,2,1
2131,2,1,2,2,2,2,2,2,2,E1_a
2132,1,1,2,2,2,2,2,2,2,E1_a
2133,2,1,2,2,2,2,2,2,2,E1_a
2134,2,1,2,2,2,2,2,2,2,E1_a
2135,2,2,2,2,1,2,2,1,2,7
2136,4,2,2,2,1,2,2,2,2,E1_d
2137,2,2,1,1,2,2,2,2,2,2
2138,2,2,2,2,2,2,1,2,2,E1_f
2139,2,1,2,2,2,2,1,1,2,1
2140,2,1,2,2,2,2,2,1,2,7
2141,4,1,2,2,2,2,2,1,2,1
2142,4,1,2,2,2,2,2,2,2,E1_a
2143,2,2,2,2,2,2,1,1,2,6
2144,1,1,2,2,2,2,2,1,2,7
2145,2,1,2,2,2,2,2,1,2,1
2146,4,1,2,2,2,2,2,2,2,E1_a
2147,4,1,2,2,2,2,2,1,-98,1
2148,2,1,2,2,2,2,2,2,2,E1_a
2149,2,1,1,2,2,2,2,2,2,1
2150,2,2,2,2,1,2,2,1,-98,7
2151,2,2,2,2,2,2,1,1,-99,6
2152,2,1,2,2,2,2,2,1,-98,7
2153,2,1,2,2,2,2,2,2,2,E1_a
2154,2,2,2,2,1,2,2,2,2,E1_d
2155,2,1,2,2,2,2,2,1,2,7
2156,2,1,2,2,2,2,2,2,2,E1_a
2157,2,1,2,2,2,2,2,1,2,7
2158,4,1,2,2,2,2,2,1,2,1
2159,1,1,2,2,2,2,2,1,2,7
2160,5,2,2,2,2,2,1,2,2,E1_f
2161,2,1,2,2,2,2,2,2,-99,E1_a
2162,1,2,2,2,2,2,1,2,2,E1_f
2163,1,1,1,2,2,2,2,1,2,2
2164,2,1,2,2,2,2,2,2,2,E1_a
2165,2,1,2,2,2,2,2,1,2,1
2166,1,1,2,2,2,2,2,1,1,8
2167,2,2,2,2,2,2,1,1,2,6
2168,1,2,2,2,2,2,1,2,2,E1_f
2169,4,1,1,2,2,1,2,1,2,1
2170,1,2,2,2,1,2,2,1,2,7
2171,2,2,2,2,2,1,1,2,2,5
2172,2,2,2,2,2,2,1,1,2,6
2173,2,2,-99,2,2,2,2,1,-99,E1_g
2174,2,1,2,2,2,2,2,2,2,E1_a
2175,4,2,2,2,2,2,1,1,-98,7
2176,2,1,1,2,2,2,2,2,2,1
2177,2,1,2,2,2,2,2,1,-98,1
2178,4,1,1,2,2,2,2,2,2,2
2179,2,2,2,2,2,2,1,1,-99,6
2180,2,1,2,2,2,2,2,2,2,E1_a
2181,1,1,2,2,2,2,2,1,1,8
2182,4,1,2,2,2,2,2,1,2,1
2183,4,1,2,2,2,2,2,2,-99,E1_a
2184,1,1,2,2,2,2,2,1,-98,1
2185,2,2,2,2,1,2,2,1,-99,7
2186,2,2,2,2,2,2,2,2,2, 
2187,2,1,2,2,2,2,2,1,2,1
2188,4,2,1,2,2,1,2,1,2,5
2189,2,2,2,2,2,2,1,2,-98,E1_f
2190,2,2,2,2,2,2,1,2,2,E1_f
2191,1,1,2,2,2,2,2,2,2,E1_a
2192,2,1,2,2,2,2,2,1,2,7
2193,2,2,2,2,2,2,2,1,2,E1_g
2194,2,1,1,2,2,2,2,1,2,1
2195,2,2,2,1,2,1,2,2,2,5
2196,2,1,2,2,2,2,2,1,2,1
2197,5,1,2,2,2,2,2,1,2,1
2198,2,1,2,2,2,2,2,2,2,E1_a
2199,2,2,2,2,1,-99,2,1,2,7
2200,2,1,2,2,2,1,2,2,1,5
2201,2,1,2,2,2,2,2,2,2,E1_a
2202,2,2,2,1,2,2,2,1,2,3
2203,2,1,2,2,2,2,2,1,2,1
2204,1,1,2,2,2,2,2,2,2,E1_a
2205,2,1,2,2,2,2,2,2,2,E1_a
2206,1,2,2,2,2,2,1,2,2,E1_f
2207,4,1,2,2,2,2,2,2,1,1
2208,2,1,2,2,2,2,2,2,2,E1_a
2209,2,1,2,2,2,2,2,1,2,7
2210,2,2,2,2,2,1,2,2,2,E1_e
2211,2,1,2,2,2,2,2,1,2,1
2212,2,1,2,2,2,2,2,1,2,1
2213,1,2,2,2,2,2,1,1,2,6
2214,2,1,2,2,2,2,2,1,2,1
2215,5,2,2,2,2,2,1,2,2,E1_f
2216,1,2,2,2,2,2,1,1,2,6
2217,4,2,2,2,1,2,2,1,1,7
2218,2,2,2,2,2,2,1,2,2,E1_f
2219,2,1,2,2,2,2,2,1,2,1
2220,1,2,2,2,2,2,1,2,2,E1_f
2221,2,1,2,2,2,2,2,2,2,E1_a
2222,1,1,2,2,2,2,2,1,2,1
2223,2,1,2,2,2,2,2,1,-98,1
2224,2,2,2,2,2,2,1,1,1,8
2225,4,2,2,2,2,1,2,1,2,7
2226,2,2,2,2,2,2,1,2,2,E1_f
2227,2,2,2,2,2,2,2,1,2,E1_g
2228,1,2,1,2,2,2,2,2,1,-100
2229,4,1,2,2,2,2,2,1,2,1
2230,2,2,2,2,2,2,1,1,2,6
2231,1,1,2,2,2,2,2,2,2,E1_a
2232,4,1,2,2,2,2,2,2,2,E1_a
2233,2,1,2,2,2,2,2,2,2,E1_a
2234,2,1,2,2,2,2,2,2,-99,E1_a
2235,4,1,2,2,2,2,2,1,2,1
2236,2,1,2,2,2,2,2,2,2,E1_a
2237,2,1,2,2,2,2,2,1,2,1
2238,4,2,2,2,2,1,1,2,2,6
2239,2,2,2,2,1,2,1,1,2,6
2240,2,1,2,2,2,2,2,2,2,E1_a
2241,2,2,2,2,2,1,2,1,1,8
2242,4,2,2,2,2,2,2,1,2,E1_g
2243,4,2,1,2,2,2,2,2,2,E1_b
2244,2,1,2,2,2,2,2,1,2,1
2245,4,1,2,2,2,2,2,1,-98,7
2246,1,2,2,2,1,2,2,1,-98,4
2247,2,1,2,2,2,2,2,2,2,E1_a
2248,2,1,2,2,2,2,2,2,2,E1_a
2249,2,2,2,1,2,2,2,1,2,7
2250,1,2,2,2,2,2,1,2,2,E1_f
2251,2,2,2,2,2,2,1,1,-99,6
2252,2,2,2,2,1,2,2,1,2,7
2253,5,2,2,2,2,2,1,1,2,6
2254,2,1,2,2,1,2,2,1,1,8
2255,1,1,2,2,2,2,2,1,2,1
2256,2,2,2,2,2,2,1,1,2,6
2257,2,2,2,2,2,2,2,1,2,E1_g
2258,4,2,2,2,2,2,1,2,2,E1_f
2259,2,2,2,2,2,2,1,1,1,7
2260,2,2,2,2,2,2,2,1,2,E1_g
2261,2,2,2,1,2,2,2,1,2,7
2262,4,1,1,2,2,2,2,1,1,1
2263,4,2,2,1,2,2,2,2,-99,E1_c
2264,1,2,2,2,2,2,1,2,2,E1_f
2265,2,1,2,2,2,2,2,2,2,E1_a
2266,2,2,2,2,2,2,2,1,2,E1_g
2267,2,1,2,2,2,2,2,2,2,E1_a
2268,2,2,2,2,2,2,1,1,2,7
2269,2,2,2,2,2,2,1,2,-99,E1_f
2270,2,1,2,2,2,2,2,2,2,E1_a
2271,1,1,2,2,2,2,2,2,2,E1_a
2272,4,2,1,1,2,1,2,1,2,2
2273,2,2,2,2,2,2,1,1,-98,6
2274,2,1,2,2,2,2,2,1,2,1
2275,4,1,2,2,2,2,2,2,2,E1_a
2276,3,2,2,2,2,1,2,2,2,E1_e
2277,3,1,2,2,2,2,2,2,2,E1_a
2278,4,1,2,2,2,2,2,2,2,E1_a
2279,2,2,2,2,2,2,2,1,1,8
2280,2,2,2,2,2,2,1,2,2,E1_f
2281,1,1,1,2,2,2,2,2,2,1
2282,1,2,2,2,2,2,1,1,2,6
2283,4,2,2,2,1,2,2,2,2,E1_d
2284,2,1,2,2,2,2,2,2,2,E1_a
2285,2,1,2,2,2,2,2,2,2,E1_a
2286,2,1,2,2,2,2,2,1,2,1
2287,1,1,2,2,2,2,2,1,2,1
2288,2,2,2,2,2,2,1,1,2,6
2289,2,2,2,2,1,1,2,1,-99,5
2290,2,1,2,2,2,2,2,2,2,E1_a
2291,1,1,2,1,2,2,2,2,1,8
2292,2,2,1,2,1,2,2,1,2,2
2293,2,2,2,2,2,2,1,2,2,E1_f
2294,2,1,1,2,2,2,2,2,2,1
2295,2,1,2,2,2,2,2,2,2,E1_a
2296,2,1,2,2,2,2,2,1,2,1
2297,2,1,2,2,2,2,2,1,2,1
2298,2,2,2,2,2,2,1,1,1,8
2299,1,1,2,2,2,2,2,1,2,1
2300,2,2,2,1,2,2,2,2,2,E1_c
2301,1,2,2,2,2,2,1,2,2,E1_f
2302,4,2,1,1,2,2,2,1,2,3
2303,1,1,2,2,2,2,2,2,2,E1_a
2304,4,2,2,2,2,2,2,1,2,E1_g
2305,1,1,2,2,2,2,2,1,2,7
2306,4,2,2,2,2,2,1,1,2,7
2307,2,1,2,2,2,2,2,1,2,7
2308,2,1,2,2,2,2,2,2,2,E1_a
2309,2,1,2,2,2,2,2,2,2,E1_a
2310,2,2,2,2,1,1,2,1,2,4
2311,2,2,2,1,2,2,2,1,1,8
2312,2,1,2,2,2,2,2,1,2,7
2313,2,2,2,2,1,2,1,1,2,7
2314,1,2,2,2,2,2,1,1,2,6
2315,2,1,2,2,2,2,2,1,2,1
2316,2,1,2,2,2,2,2,2,2,E1_a
2317,2,1,2,2,2,2,2,2,2,E1_a
2318,1,1,2,2,2,2,2,1,2,1
2319,1,1,1,2,2,2,2,2,2,1
2320,4,1,2,1,2,2,2,2,2,1
2321,2,1,2,2,2,2,2,1,2,1
2322,2,1,2,2,2,2,2,2,2,E1_a
2323,1,2,2,2,2,2,2,1,2,E1_g
2324,4,1,2,2,2,2,2,2,2,E1_a
2325,1,1,2,2,2,2,2,2,2,E1_a
2326,1,1,2,2,2,2,2,2,2,E1_a
2327,2,2,2,2,2,1,2,2,2,E1_e
2328,4,1,2,2,2,2,2,1,2,1
2329,2,1,2,2,2,2,2,2,2,E1_a
2330,2,-99,-99,-99,-99,-99,1,2,-99,E1_f
2331,2,2,2,2,2,2,1,1,1,8
2332,2,2,2,2,2,2,1,2,2,E1_f
2333,2,1,2,2,2,2,2,1,2,1
2334,1,2,2,2,2,2,1,1,2,6
2335,4,1,2,2,2,2,2,1,2,1
2336,1,1,2,2,2,2,2,2,2,E1_a
2337,4,1,1,2,2,2,2,1,2,1
2338,4,2,1,2,2,1,2,2,2,5
2339,2,1,2,2,2,2,2,1,2,1
2340,1,2,2,1,1,2,2,1,2,4
2341,2,2,2,2,2,1,2,1,2,7
2342,2,1,2,2,2,2,2,1,2,1
2343,4,1,2,2,2,2,2,2,2,E1_a
2344,4,1,2,2,2,2,2,2,2,E1_a
2345,2,1,2,2,2,2,2,2,2,E1_a
2346,2,1,2,2,2,2,2,1,2,1
2347,2,2,2,2,2,2,1,2,2,E1_f
2348,1,2,2,2,2,2,1,1,-98,6
2349,2,1,1,2,2,2,2,1,2,7
2350,2,1,1,2,2,2,2,1,2,1
2351,2,2,2,2,2,1,2,1,2,7
2352,2,1,1,1,1,2,2,1,1,2
2353,2,2,2,2,2,2,1,2,2,E1_f
2354,1,2,2,2,2,2,1,2,2,E1_f
2355,4,1,2,2,2,2,2,2,2,E1_a
2356,2,1,2,2,2,2,2,1,2,7
2357,2,1,1,2,2,2,2,2,2,1
2358,2,2,2,2,2,2,2,-98,-98, 
2359,2,2,2,2,2,2,1,2,2,E1_f
2360,1,2,2,2,2,2,1,2,2,E1_f
2361,4,1,1,2,2,2,2,2,2,1
2362,2,1,2,2,2,2,2,1,2,1
2363,2,2,2,2,2,2,2,1,2,E1_g
2364,2,1,1,2,2,1,2,1,-99,2
2365,2,2,2,2,2,2,1,1,2,6
2366,2,2,2,2,2,1,1,1,2,6
2367,4,2,2,2,2,2,1,2,2,E1_f
2368,2,1,2,2,2,2,2,2,2,E1_a
2369,2,1,1,2,2,2,2,1,2,2
2370,1,2,2,2,2,2,1,1,1,8
2371,4,2,2,2,2,1,2,2,2,E1_e
2372,1,2,2,2,2,2,2,1,-99,E1_g
2373,4,2,2,2,2,1,1,2,1,6
2374,2,1,2,2,2,2,2,1,2,7
2375,2,2,2,2,2,2,2,2,1,E1_h
2376,2,2,2,2,2,2,1,2,1,-99
2377,2,2,2,2,2,2,2,1,2,E1_g
2378,2,1,2,2,2,2,2,1,2,1
2379,2,1,2,2,2,2,2,1,1,1
2380,2,1,2,2,2,2,2,1,2,1
2381,2,1,2,2,2,2,2,1,2,7
2382,2,2,2,1,2,2,2,2,2,E1_c
2383,4,1,2,2,2,2,2,2,2,E1_a
2384,1,2,2,2,2,2,2,2,2, 
2385,2,1,2,2,2,2,1,2,2,6
2386,2,1,2,2,2,2,2,2,2,E1_a
2387,2,2,2,2,2,2,1,2,2,E1_f
2388,2,2,1,2,2,2,2,2,2,E1_b
2389,2,1,2,2,2,2,2,1,1,8
2390,4,2,1,2,2,2,2,1,2,7
2391,1,1,2,2,2,2,2,1,2,1
2392,4,1,1,2,2,2,2,2,2,2
2393,1,1,2,2,2,2,2,1,2,1
2394,1,2,2,2,2,2,1,2,2,E1_f
2395,2,1,2,2,2,2,2,2,2,E1_a
2396,4,1,2,2,2,2,2,2,2,E1_a
2397,2,2,2,1,2,2,2,1,2,3
2398,4,2,2,2,2,2,1,2,-98,E1_f
2399,2,2,2,2,1,2,2,1,2,7
2400,2,1,2,2,2,2,2,2,2,E1_a
2401,2,2,2,2,1,2,2,1,2,4
2402,2,1,2,2,2,2,1,2,-98,6
2403,2,2,2,2,2,2,1,2,2,E1_f
2404,4,1,2,2,2,2,2,1,2,7
2405,2,1,2,2,2,2,2,2,2,E1_a
2406,2,1,2,2,2,2,2,2,2,E1_a
2407,2,1,2,2,2,2,2,1,2,1
2408,2,1,2,2,2,2,2,2,2,E1_a
2409,2,1,2,2,2,2,2,1,2,7
2410,2,1,2,2,2,2,2,1,2,1
2411,1,1,1,2,2,2,2,2,2,1
2412,2,1,2,2,2,2,2,2,2,E1_a
2413,4,2,2,2,2,1,2,1,-98,7
2414,2,2,2,2,1,2,2,1,2,4
2415,2,2,2,1,2,2,2,1,2,3
2416,4,2,2,2,2,2,1,2,2,E1_f
2417,2,2,2,2,2,2,1,2,2,E1_f
2418,2,1,2,2,2,2,2,1,2,1
2419,2,2,2,2,2,2,2,1,1,8
2420,2,2,2,2,2,2,1,2,-99,E1_f
2421,2,1,2,2,2,2,2,2,2,E1_a
2422,4,1,2,2,2,2,2,2,2,E1_a
2423,2,2,1,2,2,2,2,1,2,2
2424,2,2,2,2,2,2,1,2,2,E1_f
2425,2,1,2,2,2,2,2,2,2,E1_a
2426,2,1,2,2,2,2,2,1,2,1
2427,2,1,2,2,1,2,2,1,2,7
2428,4,2,2,2,2,2,1,1,1,6
2429,2,1,2,2,2,2,2,2,2,E1_a
2430,2,2,2,2,2,2,1,2,2,E1_f
2431,2,2,2,2,2,2,1,1,1,8
2432,2,2,2,2,2,2,1,2,2,E1_f
2433,2,2,1,2,2,2,2,1,2,7
2434,2,1,2,2,2,2,2,2,2,E1_a
2435,2,1,2,2,2,2,2,2,2,E1_a
2436,4,2,2,2,2,2,1,1,2,6
2437,2,2,2,1,2,2,2,2,2,E1_c
2438,1,1,2,2,2,2,1,1,2,6
2439,4,1,2,2,2,2,2,1,2,7
2440,4,2,2,2,2,2,1,2,2,E1_f
2441,2,1,2,2,2,2,2,1,2,7
2442,1,2,2,2,2,2,2,1,2,E1_g
2443,2,2,2,2,2,2,1,1,2,6
2444,1,2,1,2,1,2,2,2,2,2
2445,2,1,2,2,2,2,2,1,2,1
2446,2,1,2,2,2,2,2,1,2,1
2447,2,1,2,2,2,2,2,1,2,1
2448,2,2,1,2,2,2,2,1,2,2
2449,4,1,2,2,2,2,2,1,2,7
2450,2,1,2,2,2,1,2,2,2,1
2451,4,1,2,2,2,2,2,1,2,1
2452,2,2,2,2,2,-99,2,1,-98,E1_g
2453,2,2,1,2,2,2,2,1,2,7
2454,2,1,1,2,2,2,2,1,1,1
2455,2,2,2,1,1,2,2,1,2,4
2456,5,1,2,2,2,2,2,2,2,E1_a
2457,1,1,2,2,2,2,2,2,2,E1_a
2458,2,2,2,2,2,2,2,1,2,E1_g
2459,2,1,2,2,2,2,2,1,2,1
2460,2,2,2,2,2,2,2,1,2,E1_g
2461,2,1,2,2,2,2,2,2,2,E1_a
2462,5,2,2,2,2,2,1,1,2,6
2463,2,1,2,2,2,2,2,1,2,7
2464,2,1,2,2,2,2,2,2,2,E1_a
2465,2,1,2,2,2,2,2,2,2,E1_a
2466,2,1,2,2,2,2,2,1,2,1
2467,2,1,2,2,2,2,2,2,2,E1_a
2468,2,2,2,2,2,2,1,2,2,E1_f
2469,1,1,2,2,2,2,2,2,2,E1_a
2470,2,2,2,2,2,1,2,2,2,E1_e
2471,4,1,2,2,2,2,2,1,2,1
2472,4,1,2,2,2,2,2,1,2,1
2473,1,1,2,2,2,2,2,2,2,E1_a
2474,2,2,2,2,2,2,1,1,1,8
2475,4,2,2,2,2,2,2,1,2,E1_g
2476,4,1,1,2,2,2,2,2,2,1
2477,4,1,2,2,2,2,2,1,1,8
2478,1,1,2,2,2,2,2,1,-99,1
2479,1,2,2,2,2,2,1,1,1,6
2480,4,1,2,2,2,2,2,1,1,1
2481,4,2,2,2,2,1,2,1,2,5
2482,2,2,2,2,2,2,1,1,2,6
2483,2,1,2,2,2,2,2,1,1,1
2484,2,2,2,2,2,2,2,1,2,E1_g
2485,1,2,2,1,1,2,2,1,2,3
2486,2,2,2,2,2,2,1,2,2,E1_f
2487,1,1,2,2,2,2,2,1,2,1
2488,4,1,2,2,2,2,2,2,2,E1_a
2489,2,2,2,2,2,2,1,1,2,6
2490,2,1,2,2,2,2,2,1,-98,1
2491,2,1,2,2,2,2,2,2,2,E1_a
2492,2,2,2,1,1,2,2,1,-98,3
2493,2,2,2,2,2,1,2,2,2,E1_e
2494,2,2,2,2,2,2,1,1,1,6
2495,2,2,2,2,1,2,2,1,2,7
2496,5,2,2,2,1,2,2,1,1,8
2497,2,1,2,2,2,2,2,2,2,E1_a
2498,5,2,2,2,2,1,1,2,2,6
2499,2,2,2,2,1,2,1,1,2,6
2500,2,1,2,2,2,2,2,1,2,1
2501,1,2,1,1,2,1,2,2,2,2
2502,1,2,2,2,2,2,1,1,2,6
2503,1,2,2,2,2,2,1,1,2,6
2504,2,2,2,2,2,2,2,2,2, 
2505,2,1,2,2,2,2,2,1,2,1
2506,2,2,2,2,2,2,2,1,-99,E1_g
2507,2,2,1,1,2,2,2,2,2,2
2508,1,1,2,2,2,2,2,2,2,E1_a
2509,2,1,2,2,2,2,2,2,2,E1_a
2510,1,1,2,2,2,2,2,2,2,E1_a
2511,1,1,2,2,2,2,2,1,-99,1
2512,2,1,2,2,2,2,2,1,2,1
2513,1,2,1,1,2,2,2,1,2,2
2514,2,1,2,2,2,2,2,1,1,1
2515,1,2,2,1,2,2,2,1,-98,7
2516,2,2,2,1,2,2,2,2,-98,E1_c
2517,2,2,2,2,2,2,1,1,2,6
2518,2,1,2,2,2,2,2,2,1,8
2519,4,1,1,2,2,2,2,1,2,2
2520,2,2,2,2,2,2,1,2,2,E1_f
2521,1,2,2,2,2,2,1,1,2,6
2522,2,1,2,2,2,2,2,2,2,E1_a
2523,4,1,2,2,2,2,2,2,2,E1_a
2524,1,1,2,2,2,2,2,2,2,E1_a
2525,2,2,2,2,2,2,1,1,-99,6
2526,4,2,2,2,2,2,1,2,-99,E1_f
2527,2,1,2,2,2,2,2,2,2,E1_a
2528,2,2,2,2,2,2,1,2,2,E1_f
2529,4,1,2,2,2,2,2,1,2,1
2530,4,1,1,2,2,2,2,1,2,1
2531,4,1,2,2,2,2,2,2,2,E1_a
2532,2,2,2,2,2,2,1,1,1,7
2533,2,2,2,2,2,1,1,1,1,6
2534,4,1,2,2,2,2,2,1,2,7
2535,4,2,1,2,2,2,2,2,2,E1_b
2536,4,1,2,2,2,2,2,1,2,7
2537,2,1,2,2,2,2,2,1,2,1
2538,4,1,2,2,2,2,2,1,2,1
2539,1,1,2,2,2,2,2,2,2,E1_a
2540,4,2,2,2,2,2,1,2,2,E1_f
2541,2,2,2,2,2,2,1,2,2,E1_f
2542,2,1,2,2,2,2,2,2,1,-100
2543,1,2,2,2,2,2,1,1,2,6
2544,2,2,2,2,2,2,1,2,2,E1_f
2545,1,2,2,2,2,1,1,1,2,5
2546,2,2,2,2,2,2,1,2,-99,E1_f
2547,1,2,2,2,2,2,1,2,1,6
2548,2,2,1,2,2,2,2,1,1,7
2549,2,2,2,2,2,2,1,1,1,8
2550,4,1,2,2,2,2,2,1,2,1
2551,4,1,2,2,2,2,2,1,1,1
2552,2,2,2,2,2,2,1,2,2,E1_f
2553,4,2,2,2,2,2,1,1,2,6
2554,1,1,2,2,2,2,2,2,2,E1_a
2555,2,2,1,2,1,2,2,1,2,2
2556,4,1,2,2,2,2,2,2,2,E1_a
2557,2,1,2,2,2,2,2,1,2,1
2558,2,1,2,2,2,2,2,2,2,E1_a
2559,2,2,1,2,2,2,2,2,2,E1_b
2560,4,2,2,2,2,2,1,1,2,6
2561,2,1,2,2,2,2,2,2,2,E1_a
2562,4,1,2,2,2,2,2,2,2,E1_a
2563,4,1,2,2,2,2,2,2,2,E1_a
2564,1,2,2,2,2,2,1,2,2,E1_f
2565,2,1,2,2,2,2,2,1,2,1
2566,1,1,2,2,2,2,2,1,2,1
2567,4,2,2,2,2,2,1,2,-99,E1_f
2568,4,1,2,2,2,2,2,1,2,1
2569,2,1,2,2,2,2,2,1,2,1
2570,2,2,2,2,2,2,1,2,2,E1_f
2571,1,2,2,2,2,2,1,2,1,8
2572,1,1,2,2,2,2,2,2,2,E1_a
2573,2,1,2,2,2,2,2,1,-99,7
2574,2,2,2,2,1,2,2,1,-98,7
2575,2,1,2,2,2,2,2,2,2,E1_a
2576,2,2,2,2,2,2,2,1,1,7
2577,5,2,1,2,2,2,2,1,-99,2
2578,2,2,2,2,2,2,1,2,2,E1_f
2579,2,2,2,1,2,2,2,1,2,7
2580,1,1,2,2,2,2,2,1,2,1
2581,1,2,2,1,2,2,2,2,2,E1_c
2582,1,2,2,2,2,2,1,2,2,E1_f
2583,2,2,2,2,2,2,1,2,-98,E1_f
2584,2,1,1,2,2,2,2,1,2,2
2585,4,2,2,2,2,2,1,2,2,E1_f
2586,2,2,2,2,2,1,1,1,2,6
2587,2,1,2,2,2,2,2,2,2,E1_a
2588,4,1,2,2,2,2,2,2,2,E1_a
2589,2,1,2,2,2,2,2,2,2,E1_a
2590,2,1,2,2,2,2,2,1,2,7
2591,4,2,2,2,2,2,2,1,2,E1_g
2592,4,-99,-99,-99,-99,1,-99,-99,-99,E1_e
2593,2,2,2,2,2,1,2,1,-99,5
2594,2,2,2,2,2,2,1,2,1,6
2595,5,2,2,2,2,2,1,1,-98,7
2596,4,2,2,2,2,1,2,2,2,E1_e
2597,2,1,1,2,2,2,2,1,2,1
2598,1,2,2,2,2,2,2,1,-99,E1_g
2599,4,2,2,2,1,2,2,1,2,7
2600,2,1,2,2,2,2,2,2,2,E1_a
2601,1,1,2,2,2,2,2,1,2,1
2602,2,1,2,2,2,2,2,2,2,E1_a
2603,4,2,2,2,2,2,1,2,2,E1_f
2604,4,2,2,1,2,2,2,2,1,8
2605,4,2,1,2,2,2,2,1,2,7
2606,4,2,2,2,2,2,1,2,2,E1_f
2607,2,1,2,2,2,2,2,1,2,1
2608,1,1,1,2,2,2,2,2,2,1
2609,1,1,2,2,2,2,2,2,2,E1_a
2610,2,1,2,2,2,2,2,1,2,7
2611,1,1,2,2,2,2,2,1,2,7
2612,2,2,2,2,2,2,1,2,2,E1_f
2613,1,2,1,2,2,1,2,2,2,2
2614,4,1,2,2,2,2,2,1,2,1
2615,2,1,1,2,2,2,2,1,2,1
2616,2,2,2,1,2,2,2,1,2,3
2617,2,1,2,2,2,2,2,2,2,E1_a
2618,2,1,2,2,2,2,2,1,2,1
2619,2,1,2,2,2,2,2,2,2,E1_a
2620,2,1,2,2,2,2,2,1,2,1
2621,2,1,2,2,2,2,2,1,2,7
2622,2,2,2,2,2,2,2,1,2,E1_g
2623,2,1,2,2,2,2,2,2,2,E1_a
2624,2,1,2,2,2,2,2,1,2,1
2625,1,1,2,2,2,2,2,1,1,1
2626,2,1,2,2,2,2,2,2,2,E1_a
2627,2,1,2,2,2,2,2,2,2,E1_a
2628,1,2,2,2,2,2,1,2,2,E1_f
2629,2,1,2,2,2,2,2,2,2,E1_a
2630,4,1,2,2,2,2,2,2,2,E1_a
2631,2,1,2,2,2,2,2,2,2,E1_a
2632,2,1,1,2,2,2,2,1,2,7
2633,2,1,2,2,2,2,2,2,2,E1_a
2634,2,1,2,2,2,2,2,2,2,E1_a
2635,4,1,2,2,2,2,2,2,2,E1_a
2636,2,1,2,2,2,2,2,1,-98,1
2637,2,2,2,2,2,2,1,1,2,6
2638,2,1,2,2,2,2,2,1,2,7
2639,2,2,2,2,2,2,1,2,2,E1_f
2640,4,1,2,2,2,2,2,2,2,E1_a
2641,2,1,2,2,2,2,2,1,2,1
2642,4,1,2,2,2,2,2,1,2,1
2643,2,1,2,2,2,2,2,1,2,1
2644,2,2,2,2,1,2,2,1,2,4
2645,2,1,2,2,2,2,2,2,2,E1_a
2646,1,1,2,2,2,2,2,1,2,1
2647,4,1,1,2,2,2,2,1,2,1
2648,2,1,2,2,2,2,2,1,-99,1
2649,2,1,2,2,2,2,2,1,2,1
2650,1,2,2,1,2,2,2,1,2,3
2651,2,2,2,2,2,1,1,1,2,7
2652,4,2,1,2,2,2,2,1,2,2
2653,2,1,2,2,2,2,2,1,2,1
2654,2,2,2,2,2,1,1,1,1,8
2655,2,1,2,2,2,2,2,1,2,7
2656,1,2,2,2,2,2,1,1,1,8
2657,4,1,1,2,2,2,2,1,2,2
2658,1,1,2,2,2,2,2,1,1,8
2659,2,2,2,2,2,2,2,1,2,E1_g
2660,2,2,2,1,2,2,2,1,-99,7
2661,2,1,2,1,1,1,2,2,2,4
2662,2,1,2,2,2,2,2,1,2,7
2663,1,1,2,2,2,2,2,2,2,E1_a
2664,2,1,2,2,2,2,2,1,2,1
2665,2,2,2,1,1,1,1,2,2,6
2666,2,1,2,2,2,2,2,2,2,E1_a
2667,2,1,2,2,2,2,2,1,2,7
2668,2,1,2,2,2,2,2,1,2,1
2669,2,2,2,2,2,1,2,1,-98,5
2670,2,2,2,2,2,2,1,2,2,E1_f
2671,1,1,2,2,2,2,2,2,2,E1_a
2672,2,2,1,2,2,2,2,2,2,E1_b
2673,2,2,2,2,2,2,1,1,2,6
2674,2,1,2,2,2,2,2,2,2,E1_a
2675,2,1,2,2,2,2,2,1,2,1
2676,1,2,2,1,1,2,2,2,-98,4
2677,5,1,2,2,2,2,2,1,2,1
2678,1,1,2,2,2,2,2,2,2,E1_a
2679,2,1,2,2,2,2,2,1,2,7
2680,4,1,2,2,2,2,2,1,2,1
2681,2,2,2,2,2,2,2,1,2,E1_g
2682,2,2,2,1,2,1,2,2,2,3
2683,1,2,2,2,2,2,1,1,1,6
2684,2,2,2,2,2,2,1,2,1,6
2685,4,1,2,2,2,2,2,1,2,1
2686,2,1,2,2,2,2,2,1,2,7
2687,1,2,1,2,1,2,2,2,2,2
2688,2,1,2,2,2,2,2,2,2,E1_a
2689,2,1,2,2,2,2,2,1,2,7
2690,3,-99,2,2,2,2,2,1,2,E1_g
2691,4,2,2,2,2,1,2,1,-99,5
2692,2,2,2,2,2,2,1,2,2,E1_f
2693,2,2,2,1,2,2,2,2,2,E1_c
2694,4,1,2,2,2,2,2,2,2,E1_a
2695,2,2,2,2,1,2,2,1,1,8
2696,4,1,1,2,2,2,2,1,-98,1
2697,4,2,2,2,2,2,2,1,2,E1_g
2698,2,1,2,2,2,2,2,1,2,1
2699,1,1,2,2,2,2,2,2,2,E1_a
2700,2,1,2,2,2,2,2,2,2,E1_a
2701,4,1,2,2,2,2,2,1,2,1
2702,4,2,2,2,2,2,2,1,2,E1_g
2703,2,2,2,2,2,2,1,2,1,6
2704,3,2,1,2,1,2,2,1,2,2
2705,2,2,2,2,2,2,1,2,2,E1_f
2706,2,1,2,2,2,2,2,1,-99,1
2707,2,2,2,2,2,2,1,1,2,7
2708,2,1,2,2,2,2,2,1,2,1
2709,2,1,2,2,2,2,2,1,2,1
2710,2,1,2,2,2,2,2,1,-98,1
2711,2,1,2,2,2,2,2,2,2,E1_a
2712,2,2,2,2,2,2,1,1,2,6
2713,2,1,2,2,2,2,2,2,2,E1_a
2714,2,1,2,2,2,2,2,2,2,E1_a
2715,2,2,2,2,2,1,2,1,2,7
2716,2,1,2,2,2,2,2,2,2,E1_a
2717,2,2,2,2,2,2,1,2,2,E1_f
2718,4,2,2,2,2,1,1,1,2,5
2719,2,2,2,2,2,2,1,2,2,E1_f
2720,2,1,2,2,2,2,2,2,2,E1_a
2721,1,2,2,2,2,2,1,1,2,6
2722,2,1,1,2,2,2,2,1,2,1
2723,4,2,1,2,2,2,2,1,2,7
2724,4,1,2,2,1,2,2,2,1,1
2725,2,1,2,2,2,2,2,2,2,E1_a
2726,2,2,2,1,1,2,2,1,2,7
2727,2,2,2,2,1,2,2,1,2,7
2728,4,1,2,1,2,2,2,1,2,3
2729,1,1,2,1,1,2,2,1,2,1
2730,2,2,2,2,2,2,1,1,1,8
2731,2,1,2,2,2,2,2,1,2,1
2732,2,2,2,2,2,1,2,1,-99,5
2733,1,2,2,2,2,2,1,1,2,6
2734,2,2,2,2,2,2,1,2,2,E1_f
2735,2,1,2,2,2,2,2,2,2,E1_a
2736,2,1,2,2,2,2,2,1,2,1
2737,2,2,2,2,2,2,1,2,2,E1_f
2738,4,2,2,2,2,2,1,2,2,E1_f
2739,1,1,2,2,2,2,2,1,1,7
2740,2,1,2,2,2,2,2,2,2,E1_a
2741,2,1,2,2,2,2,2,2,2,E1_a
2742,4,2,2,1,2,2,2,1,2,3
2743,4,1,1,2,2,2,2,2,2,1
2744,2,2,2,2,1,2,2,2,2,E1_d
2745,4,1,2,2,1,2,2,1,2,4
2746,1,2,1,2,1,2,2,1,2,2
2747,2,2,2,1,2,2,2,1,2,3
2748,4,2,2,1,1,2,2,1,2,7
2749,1,1,2,2,2,2,2,2,2,E1_a
2750,4,2,2,2,2,2,1,1,1,6
2751,4,1,2,2,2,2,2,1,2,1
2752,1,2,2,2,2,2,1,2,2,E1_f
2753,1,2,1,2,2,2,2,1,-99,2
2754,4,2,2,2,2,2,1,2,2,E1_f
2755,1,2,2,2,2,1,1,2,2,6
2756,2,1,2,2,2,2,2,1,2,1
2757,1,2,2,1,2,2,2,1,2,7
2758,2,1,2,1,2,2,2,1,2,1
2759,2,1,1,2,2,2,2,1,2,1
2760,1,1,2,2,2,2,2,1,2,1
2761,2,1,2,2,2,1,2,1,2,1
2762,2,1,2,2,2,2,2,1,2,1
2763,1,2,2,1,2,2,2,1,2,7
2764,4,1,1,2,2,2,2,1,2,1
2765,4,2,2,2,2,2,1,1,1,6
2766,2,1,2,2,2,2,2,1,1,1
2767,2,1,2,2,2,2,2,1,2,1
2768,1,1,2,2,2,2,2,1,2,7
2769,2,1,2,2,2,2,2,1,1,8
2770,1,2,2,2,2,2,1,1,2,6
2771,1,1,2,2,2,2,2,1,2,1
2772,4,1,2,2,2,2,2,1,2,1
2773,2,2,2,2,2,2,1,2,2,E1_f
2774,2,1,2,2,2,2,2,1,2,1
2775,2,1,2,2,2,2,2,1,2,1
2776,2,2,2,2,2,1,2,2,2,E1_e
2777,1,2,2,2,2,1,2,2,1,5
2778,2,2,2,1,2,2,2,2,2,E1_c
2779,2,1,2,2,2,2,2,1,2,7
2780,4,2,2,2,2,2,1,1,1,8
2781,2,2,2,2,2,2,1,2,-98,E1_f
2782,2,1,2,2,2,2,2,2,2,E1_a
2783,2,1,2,2,2,2,2,1,2,7
2784,2,2,2,2,2,2,1,2,2,E1_f
2785,2,1,1,2,2,2,2,2,2,1
2786,1,1,2,2,2,2,2,2,2,E1_a
2787,2,2,2,2,2,2,1,2,-99,E1_f
2788,2,1,2,2,2,2,2,2,2,E1_a
2789,1,2,2,2,2,2,1,1,1,6
2790,2,1,2,2,2,2,2,1,2,1
2791,2,2,2,1,1,2,2,1,2,7
2792,2,2,2,2,2,2,1,2,2,E1_f
2793,2,2,2,2,1,2,1,1,1,8
2794,2,1,2,2,2,2,2,2,2,E1_a
2795,4,1,2,2,2,2,2,2,2,E1_a
2796,2,2,2,2,2,2,1,2,2,E1_f
2797,2,1,2,2,2,2,2,1,2,1
2798,2,1,2,2,2,2,2,2,2,E1_a
2799,2,1,2,2,2,2,2,1,2,1
2800,2,2,2,2,2,2,1,1,2,7
2801,1,2,2,2,2,2,1,1,2,6
2802,1,1,2,2,2,2,2,1,2,1
2803,5,2,2,2,2,2,1,1,2,6
2804,2,2,2,2,2,2,1,1,2,6
2805,2,1,2,2,2,2,2,2,2,E1_a
2806,2,1,2,2,2,2,2,2,2,E1_a
2807,2,1,2,2,2,2,2,1,2,1
2808,2,1,1,2,2,1,2,2,2,1
2809,2,1,2,2,2,2,2,1,2,7
2810,2,2,2,2,2,2,1,2,-99,E1_f
2811,2,1,2,2,2,2,2,1,2,1
2812,4,2,2,2,2,2,1,2,2,E1_f
2813,4,2,2,2,1,1,2,2,2,5
2814,2,1,1,2,2,2,2,2,2,1
2815,2,1,2,2,2,2,2,1,2,1
2816,2,2,2,2,2,2,2,2,1,E1_h
2817,5,1,2,2,2,2,1,1,1,8
2818,2,1,2,2,2,2,2,1,2,7
2819,1,1,2,2,2,2,2,2,2,E1_a
2820,2,1,2,2,2,2,2,2,2,E1_a
2821,2,2,2,2,2,2,1,1,1,6
2822,2,1,2,2,2,2,2,2,2,E1_a
2823,2,1,2,2,2,2,2,2,2,E1_a
2824,1,2,2,1,2,2,2,1,2,3
2825,2,2,2,1,2,2,2,1,2,3
2826,1,2,2,2,2,2,1,2,2,E1_f
2827,1,2,2,1,2,2,2,1,2,7
2828,2,1,2,2,2,2,2,1,2,1
2829,4,1,2,2,2,2,2,2,2,E1_a
2830,4,2,2,2,1,2,1,2,2,6
2831,4,1,2,2,2,2,2,1,2,1
2832,2,1,2,2,2,2,2,1,2,1
2833,2,1,1,2,2,2,2,1,2,1
2834,1,2,2,2,1,1,1,1,-98,6
2835,2,1,2,2,2,2,2,1,1,8
2836,1,1,2,2,2,2,2,2,2,E1_a
2837,2,2,2,2,2,2,1,2,2,E1_f
2838,2,2,1,2,1,2,2,1,2,7
2839,2,2,2,2,2,2,1,2,2,E1_f
2840,2,1,2,2,2,2,2,1,2,7
2841,2,1,2,2,2,2,2,2,2,E1_a
2842,2,1,2,2,2,2,2,2,2,E1_a
2843,2,1,2,2,2,2,2,2,2,E1_a
2844,2,1,2,2,2,2,2,1,2,1
2845,2,2,2,2,1,2,2,2,2,E1_d
2846,2,2,2,1,1,2,2,2,2,3
2847,2,2,2,2,1,2,2,1,2,7
2848,2,1,2,2,2,2,2,1,2,1
2849,4,1,2,2,2,2,2,1,2,1
2850,2,2,2,2,2,2,1,1,1,8
2851,2,1,2,2,2,2,2,2,2,E1_a
2852,2,2,1,1,2,2,2,1,2,2
2853,2,2,2,2,2,1,2,1,2,7
2854,2,1,2,2,2,2,2,1,2,7
2855,1,2,2,2,2,2,1,2,-98,E1_f
2856,2,1,2,2,2,2,2,1,2,7
2857,2,2,2,2,2,2,1,1,-99,6
2858,2,1,2,2,2,2,2,1,-98,1
2859,2,2,2,2,2,2,2,1,2,E1_g
2860,1,2,2,2,2,2,1,2,-98,E1_f
2861,4,2,2,2,1,2,1,2,2,6
2862,2,1,2,2,2,2,2,2,2,E1_a
2863,2,1,2,2,2,2,2,2,2,E1_a
2864,1,1,2,2,2,2,2,2,2,E1_a
2865,2,1,2,2,2,2,2,1,1,8
2866,4,1,2,2,2,2,2,2,2,E1_a
2867,2,2,2,2,2,2,1,2,2,E1_f
2868,2,2,2,2,2,2,2,1,2,E1_g
2869,5,2,2,2,2,2,1,2,2,E1_f
2870,2,1,1,2,2,2,2,1,2,1
2871,4,2,2,2,2,1,1,2,-98,6
2872,1,2,2,2,2,2,1,1,2,7
2873,1,1,2,-98,1,1,-99,1,1,8
2874,2,2,2,2,2,2,2,1,2,E1_g
2875,2,1,2,2,2,2,2,1,2,1
2876,2,1,2,2,2,2,2,1,2,1
2877,4,2,2,2,2,2,1,1,2,6
2878,4,1,2,2,2,2,2,2,2,E1_a
2879,2,2,1,1,2,2,2,2,2,2
2880,2,1,1,2,2,2,2,1,2,1
2881,1,2,2,2,2,2,1,2,2,E1_f
2882,2,1,2,2,2,2,2,1,2,1
2883,2,2,2,2,2,2,1,1,1,6
2884,2,1,2,2,2,2,2,2,2,E1_a
2885,2,2,2,2,2,2,1,1,1,8
2886,5,2,2,2,2,2,1,1,2,7
2887,2,2,2,2,2,2,1,2,2,E1_f
2888,1,2,2,2,1,2,1,1,-98,6
2889,1,1,2,2,2,2,2,2,2,E1_a
2890,2,1,2,2,2,2,2,1,2,1
2891,2,2,2,1,2,2,2,1,2,3
2892,2,2,1,2,2,1,2,1,1,8
2893,1,2,2,2,2,2,1,2,2,E1_f
2894,2,2,2,1,1,2,2,1,2,7
2895,1,2,2,2,2,2,2,1,2,E1_g
2896,2,2,2,2,2,2,1,1,1,8
2897,2,2,2,1,1,2,2,2,2,3
2898,2,2,1,2,1,2,2,1,2,7
2899,2,1,2,2,2,2,2,1,2,1
2900,2,1,2,2,2,2,2,1,1,1
2901,2,2,2,2,2,2,1,1,2,6
2902,4,2,2,2,2,2,1,2,-98,E1_f
2903,4,1,1,2,2,2,2,2,2,1
2904,2,2,2,2,2,2,2,1,-98,E1_g
2905,2,2,2,2,2,1,2,1,2,7
2906,2,2,2,2,2,2,2,1,2,E1_g
2907,4,1,2,1,1,2,2,1,2,3
2908,1,2,1,2,2,2,2,2,2,E1_b
2909,2,2,1,2,2,2,2,2,2,E1_b
2910,2,2,2,2,2,2,1,1,2,6
2911,2,2,2,2,2,2,1,2,2,E1_f
2912,4,1,2,2,2,2,2,1,-98,1
2913,1,2,2,2,2,2,2,1,2,E1_g
2914,2,1,1,1,2,2,2,1,-98,1
2915,2,1,2,2,2,1,2,1,2,5
2916,4,2,2,1,2,2,2,2,2,E1_c
2917,1,2,2,2,2,2,1,1,2,6
2918,2,2,2,2,2,2,1,2,-99,E1_f
2919,1,2,2,2,1,2,2,2,2,E1_d
2920,2,1,2,2,2,2,2,2,2,E1_a
2921,2,2,2,2,2,2,1,1,1,8
2922,2,2,2,2,2,2,1,1,1,6
2923,4,2,1,2,1,2,2,1,1,8
2924,2,2,1,2,2,2,2,2,2,E1_b
2925,4,1,2,2,2,2,2,1,1,1
2926,4,2,2,2,2,1,1,1,2,6
2927,2,2,2,2,2,2,1,1,2,6
2928,1,2,2,2,2,2,1,1,-98,6
2929,2,1,2,2,2,2,2,1,2,1
2930,2,2,2,1,2,2,2,2,2,E1_c
2931,5,2,2,2,2,2,2,1,2,E1_g
2932,5,1,2,2,2,2,2,1,1,8
2933,2,2,2,2,2,2,2,1,2,E1_g
2934,2,1,2,2,2,2,2,1,2,1
2935,2,1,2,2,2,2,2,2,2,E1_a
2936,2,2,2,2,2,2,1,1,1,6
2937,2,1,2,2,2,2,2,1,2,1
2938,2,2,2,2,2,2,1,1,-99,6
2939,4,1,2,2,2,2,2,1,2,1
2940,2,2,2,2,2,2,1,1,2,6
2941,4,1,2,1,2,2,2,1,2,1
2942,2,2,2,2,2,2,1,2,2,E1_f
2943,1,1,2,2,2,2,2,2,2,E1_a
2944,2,2,2,2,2,2,1,2,2,E1_f
2945,2,1,2,2,2,2,1,1,2,6
2946,2,2,2,2,2,2,1,2,2,E1_f
2947,2,1,2,2,2,2,2,2,2,E1_a
2948,2,2,2,2,2,2,2,1,2,E1_g
2949,2,1,2,2,2,2,2,2,2,E1_a
2950,2,1,2,2,2,2,2,2,2,E1_a
2951,5,1,2,2,2,2,2,1,2,1
2952,4,1,2,2,2,2,2,1,2,-98
2953,2,2,2,2,2,2,1,1,2,6
2954,4,2,2,2,2,2,1,1,-99,6
2955,2,2,2,2,2,2,1,2,2,E1_f
2956,2,2,2,2,2,2,1,2,2,E1_f
2957,2,1,2,2,2,2,2,1,1,7
2958,2,1,2,2,2,2,2,2,2,E1_a
2959,2,1,2,2,2,2,2,2,2,E1_a
2960,2,1,2,2,2,2,2,1,2,1
2961,4,2,2,2,2,2,2,2,2, 
2962,2,2,2,2,2,2,1,1,2,6
2963,2,1,2,2,2,2,2,2,2,E1_a
2964,1,2,2,2,2,2,1,2,2,E1_f
2965,2,2,2,2,1,2,2,2,-98,E1_d
2966,2,2,2,2,2,2,2,2,1,E1_h
2967,2,2,2,1,2,1,2,1,2,5
2968,2,2,2,2,2,2,2,1,2,E1_g
2969,4,2,2,2,1,1,2,1,2,4
2970,2,1,2,2,2,2,2,1,2,1
2971,2,1,2,2,2,2,2,1,2,1
2972,2,1,2,2,2,2,2,1,2,1
2973,4,1,2,1,1,2,2,1,2,3
2974,5,2,2,2,2,2,1,1,2,6
2975,4,1,2,2,2,2,2,2,2,E1_a
2976,2,2,2,1,2,2,2,1,2,3
2977,2,1,2,2,2,2,2,1,2,1
2978,2,2,2,2,2,2,1,2,2,E1_f
2979,2,2,2,2,2,2,2,2,2, 
2980,2,2,2,2,2,2,2,1,2,E1_g
2981,1,1,2,2,2,2,1,2,2,1
2982,2,2,2,2,2,2,1,1,-98,6
2983,2,2,2,2,2,2,1,2,2,E1_f
2984,2,2,2,2,2,2,1,1,2,6
2985,2,2,2,2,2,1,1,1,2,5
2986,4,2,2,2,2,2,2,2,2, 
2987,2,2,2,2,2,2,1,1,2,6
2988,2,1,2,2,2,2,2,1,2,1
2989,2,1,2,2,2,2,2,1,2,7
2990,2,2,2,2,2,2,1,1,1,6
2991,5,2,2,2,1,2,2,1,2,7
2992,2,1,2,2,2,2,2,1,-98,1
2993,4,2,2,2,2,1,1,2,2,5
2994,4,1,2,2,2,2,2,2,2,E1_a
2995,2,2,1,2,1,2,2,1,2,2
2996,2,1,2,2,2,2,2,2,-98,E1_a
2997,4,1,2,2,2,2,2,2,2,E1_a
2998,1,2,2,2,2,2,1,2,2,E1_f
2999,5,2,2,2,2,2,1,1,2,7
3000,2,2,2,2,2,2,1,1,1,7
3001,1,2,2,2,2,2,1,1,1,8
3002,5,1,1,2,2,2,2,1,2,-98
3003,2,1,2,2,2,2,2,1,-98,1
3004,2,2,2,1,2,2,2,1,1,-100
3005,2,2,2,2,2,1,2,1,2,5
3006,1,1,2,2,2,2,2,2,2,E1_a
3007,2,2,1,2,2,2,2,1,2,2
3008,2,1,2,2,2,2,2,1,2,1
3009,4,1,1,2,2,2,2,2,2,2
3010,2,1,2,2,2,2,2,1,2,1
3011,2,2,2,2,2,2,1,2,2,E1_f
3012,4,1,2,2,2,2,2,1,2,1
3013,2,2,2,2,2,1,1,2,2,5
3014,4,2,1,2,1,2,2,2,2,4
3015,2,2,2,2,2,2,2,1,-98,E1_g
3016,2,2,2,2,2,2,1,2,2,E1_f
3017,2,2,2,1,2,2,2,1,2,7
3018,2,1,2,2,2,2,2,1,2,1
3019,2,1,2,2,2,2,2,2,-98,E1_a
3020,4,2,2,2,2,2,1,2,2,E1_f
3021,2,2,2,2,2,2,1,1,1,6
3022,1,2,2,2,2,2,1,1,2,6
3023,2,1,2,2,2,2,2,1,2,1
3024,2,1,2,2,2,2,2,1,2,1
3025,1,2,2,1,2,2,2,2,2,E1_c
3026,1,1,1,2,2,2,2,1,2,1
3027,2,1,2,2,2,2,2,1,2,7
3028,4,1,2,2,2,2,2,1,1,7
3029,1,1,2,2,2,2,2,1,-99,7
3030,4,2,2,2,2,2,1,2,1,8
3031,2,2,2,2,2,1,1,2,-99,6
3032,2,1,2,2,2,2,2,1,2,1
3033,4,2,2,2,1,2,2,2,2,E1_d
3034,2,1,2,2,2,2,2,2,2,E1_a
3035,4,1,2,2,2,2,2,1,2,1
3036,2,1,2,2,2,2,2,1,2,1
3037,2,2,2,2,1,2,2,1,2,4
3038,2,2,2,2,2,2,1,1,1,8
3039,2,2,2,2,2,2,1,2,-98,E1_f
3040,2,2,2,2,2,2,2,1,2,E1_g
3041,2,2,2,1,2,2,2,1,2,3
3042,2,1,2,1,2,2,2,1,2,3
3043,4,2,2,2,2,2,1,1,2,7
3044,2,2,2,2,1,2,1,2,2,6
3045,2,1,2,2,2,2,2,1,2,1
3046,1,1,2,2,2,2,2,1,2,1
3047,1,1,2,2,2,2,2,1,2,1
3048,1,2,2,1,2,2,2,2,2,E1_c
3049,2,2,1,2,2,2,2,1,2,7
3050,2,1,2,2,2,2,2,1,2,7
3051,5,2,2,2,2,2,1,2,-98,E1_f
3052,4,1,2,2,2,2,2,1,2,1
3053,2,1,2,2,2,2,2,1,2,1
3054,4,1,2,2,2,2,2,2,2,E1_a
3055,4,2,2,2,2,2,1,1,2,6
3056,2,1,2,2,2,2,2,2,2,E1_a
3057,4,1,2,2,2,2,2,2,2,E1_a
3058,2,2,2,2,1,2,2,1,2,7
3059,2,1,2,2,2,2,2,2,2,E1_a
3060,4,1,2,2,2,2,2,1,2,1
3061,2,1,2,2,2,2,2,2,2,E1_a
3062,2,2,2,2,2,2,1,2,2,E1_f
3063,2,1,1,2,2,2,2,2,2,1
3064,2,1,2,2,2,2,2,2,2,E1_a
3065,2,1,2,2,2,2,2,1,2,1
3066,2,1,2,2,2,2,2,1,2,1
3067,1,1,2,2,2,2,2,1,2,1
3068,2,1,2,2,2,2,2,2,2,E1_a
3069,1,1,2,2,2,2,2,2,-98,E1_a
3070,4,1,2,2,2,2,2,1,2,1
3071,2,2,2,1,2,2,2,2,2,E1_c
3072,4,1,1,2,2,2,2,1,2,2
3073,2,1,2,2,2,2,1,2,2,1
3074,5,1,2,2,2,2,2,2,2,E1_a
3075,4,1,1,2,2,2,2,1,2,1
3076,4,1,2,2,2,2,2,2,2,E1_a
3077,2,1,2,2,2,2,2,2,2,E1_a
3078,5,2,2,2,2,2,1,2,2,E1_f
3079,2,2,1,1,2,2,2,1,-99,3
3080,2,1,2,2,2,2,2,1,2,1
3081,4,1,2,2,2,2,2,2,2,E1_a
3082,2,1,2,2,2,2,2,2,2,E1_a
3083,4,2,2,1,2,1,2,1,2,3
3084,2,1,2,2,2,2,2,1,2,1
3085,2,2,2,2,2,2,1,2,2,E1_f
3086,4,1,2,2,2,2,2,2,2,E1_a
3087,1,2,2,2,2,2,1,2,2,E1_f
3088,2,1,2,2,2,2,2,2,2,E1_a
3089,2,1,1,2,2,2,2,1,2,2
3090,2,1,2,2,2,2,2,2,2,E1_a
3091,2,1,2,1,2,2,2,2,2,1
3092,2,2,2,2,2,2,1,2,2,E1_f
3093,2,2,1,2,1,2,2,2,-98,2
3094,2,2,2,2,1,2,2,1,2,7
3095,2,2,2,2,2,2,1,2,2,E1_f
3096,1,1,2,2,2,2,2,1,2,1
3097,2,2,2,2,2,2,2,2,2, 
3098,1,1,2,2,2,2,2,1,2,1
3099,5,1,1,1,1,2,2,1,2,2
3100,4,2,2,1,2,2,2,1,-98,3
3101,2,2,2,2,2,2,1,1,2,7
3102,4,1,2,2,2,2,2,1,2,1
3103,2,1,2,2,2,2,2,2,2,E1_a
3104,2,2,2,2,1,2,2,2,2,E1_d
3105,4,2,2,1,2,2,2,1,2,7
3106,4,1,2,2,2,2,2,2,2,E1_a
3107,2,2,2,2,2,2,1,1,2,6
3108,2,2,1,2,2,2,2,2,2,E1_b
3109,2,2,2,2,1,2,2,1,2,7
3110,1,2,2,1,2,2,2,2,2,E1_c
3111,2,1,2,2,2,2,2,1,2,1
3112,2,2,2,2,2,2,1,2,2,E1_f
3113,2,1,2,2,2,2,2,1,2,1
3114,2,1,2,2,2,2,2,1,2,1
3115,2,2,2,1,2,2,2,1,2,3
3116,2,2,1,2,2,2,1,1,1,8
3117,2,1,2,2,2,2,1,2,2,1
3118,1,1,2,2,2,2,2,1,2,7
3119,2,1,2,2,2,2,2,1,-98,7
3120,2,1,2,2,2,2,1,2,2,1
3121,5,1,2,2,2,2,2,1,2,1
3122,2,2,2,2,2,2,1,2,2,E1_f
3123,5,2,2,2,2,2,1,2,2,E1_f
3124,2,2,2,2,2,2,1,1,2,6
3125,2,1,2,2,2,2,2,2,-98,E1_a
3126,1,2,2,2,2,2,1,2,2,E1_f
3127,2,2,2,2,2,2,1,2,2,E1_f
3128,1,1,2,2,2,2,2,1,-98,1
3129,2,1,1,2,2,2,2,1,2,7
3130,4,2,2,2,2,2,1,2,2,E1_f
3131,2,1,2,2,2,2,1,1,1,8
3132,2,1,2,2,2,2,2,1,1,1
3133,2,1,2,2,2,2,2,2,2,E1_a
3134,2,2,2,2,2,2,1,2,1,6
3135,2,1,2,2,2,2,2,2,2,E1_a
3136,4,1,2,2,2,2,2,1,-98,7
3137,2,2,1,2,2,2,1,1,1,7
3138,1,1,2,2,2,2,2,1,2,1
3139,2,2,2,2,2,2,1,1,2,6
3140,2,2,2,2,2,2,2,1,1,8
3141,2,1,2,2,2,2,2,1,2,1
3142,2,2,2,2,2,1,2,1,2,5
3143,2,2,2,2,1,1,2,2,2,5
3144,2,2,2,1,2,2,2,1,2,7
3145,2,2,2,2,2,2,1,2,2,E1_f
3146,4,2,2,2,2,1,1,1,2,5
3147,1,2,2,2,2,2,1,1,2,6
3148,2,2,2,2,2,2,1,2,-98,E1_f
3149,2,2,1,2,2,2,2,2,2,E1_b
3150,4,1,2,2,2,2,2,1,2,1
3151,2,1,2,2,2,2,2,2,2,E1_a
3152,2,1,1,2,2,2,2,2,2,1
3153,2,1,2,2,2,2,2,2,2,E1_a
3154,4,1,2,2,2,2,2,2,2,E1_a
